Timestamp,From Bank,Account,To Bank,Account,Amount Received,Receiving Currency,Amount Paid,Payment Currency,Payment Format,Is Laundering
,,,,,,,,,,
,,,,,,,,,,
,,,,,,,,,,
,,,,,,,,,,
,,,,,,,,,,
,,,,,,,,,,
,,,,,,,,,,
,,,,,,,,,,
,,,,,,,,,,
,,,,,,,,,,
,,,,,,,,,,
,,,,,,,,,,
,,,,,,,,,,
,,,,,,,,,,
,,,,,,,,,,
,,,,,,,,,,
,,,,,,,,,,
,,,,,,,,,,
,,,,,,,,,,
,,,,,,,,,,
,,,,,,,,,,
,,,,,,,,,,
,,,,,,,,,,
,,,,,,,,,,
,,,,,,,,,,
,,,,,,,,,,
,,,,,,,,,,
,,,,,,,,,,
,,,,,,,,,,
,,,,,,,,,,
,,,,,,,,,,
,,,,,,,,,,
,,,,,,,,,,
,,,,,,,,,,
,,,,,,,,,,
,,,,,,,,,,
,,,,,,,,,,
,,,,,,,,,,
,,,,,,,,,,
,,,,,,,,,,
,,,,,,,,,,
,,,,,,,,,,
,,,,,,,,,,
,,,,,,,,,,
,,,,,,,,,,
,,,,,,,,,,
,,,,,,,,,,
,,,,,,,,,,
,,,,,,,,,,
,,,,,,,,,,
,,,,,,,,,,
,,,,,,,,,,
,,,,,,,,,,
,,,,,,,,,,
,,,,,,,,,,
,,,,,,,,,,
,,,,,,,,,,
,,,,,,,,,,
,,,,,,,,,,
,,,,,,,,,,
,,,,,,,,,,
,,,,,,,,,,
,,,,,,,,,,
,,,,,,,,,,
,,,,,,,,,,
,,,,,,,,,,
,,,,,,,,,,
,,,,,,,,,,
,,,,,,,,,,
,,,,,,,,,,
,,,,,,,,,,
,,,,,,,,,,
,,,,,,,,,,
,,,,,,,,,,
,,,,,,,,,,
,,,,,,,,,,
,,,,,,,,,,
,,,,,,,,,,
,,,,,,,,,,
,,,,,,,,,,
,,,,,,,,,,
,,,,,,,,,,
,,,,,,,,,,
,,,,,,,,,,
,,,,,,,,,,
,,,,,,,,,,
,,,,,,,,,,
,,,,,,,,,,
,,,,,,,,,,
,,,,,,,,,,
,,,,,,,,,,
,,,,,,,,,,
,,,,,,,,,,
,,,,,,,,,,
,,,,,,,,,,
,,,,,,,,,,
,,,,,,,,,,
,,,,,,,,,,
,,,,,,,,,,
,,,,,,,,,,
,,,,,,,,,,
,,,,,,,,,,
,,,,,,,,,,
,,,,,,,,,,
,,,,,,,,,,
,,,,,,,,,,
,,,,,,,,,,
,,,,,,,,,,
,,,,,,,,,,
,,,,,,,,,,
,,,,,,,,,,
,,,,,,,,,,
,,,,,,,,,,
,,,,,,,,,,
,,,,,,,,,,
,,,,,,,,,,
,,,,,,,,,,
,,,,,,,,,,
,,,,,,,,,,
,,,,,,,,,,
,,,,,,,,,,
,,,,,,,,,,
,,,,,,,,,,
,,,,,,,,,,
,,,,,,,,,,
,,,,,,,,,,
,,,,,,,,,,
,,,,,,,,,,
,,,,,,,,,,
,,,,,,,,,,
,,,,,,,,,,
,,,,,,,,,,
,,,,,,,,,,
,,,,,,,,,,
,,,,,,,,,,
,,,,,,,,,,
,,,,,,,,,,
,,,,,,,,,,
,,,,,,,,,,
,,,,,,,,,,
,,,,,,,,,,
,,,,,,,,,,
,,,,,,,,,,
,,,,,,,,,,
,,,,,,,,,,
,,,,,,,,,,
,,,,,,,,,,
,,,,,,,,,,
,,,,,,,,,,
,,,,,,,,,,
9/1/2022 0:04,1638,800F738F0,1638,800F738F0,18.19,US Dollar,18.19,US Dollar,Reinvestment,0
9/1/2022 0:07,1291,800F73990,22224,812BE7D00,6.1,US Dollar,6.1,US Dollar,Credit Card,0
9/1/2022 0:10,11770,800F74340,241912,810D61250,32.91,US Dollar,32.91,US Dollar,Credit Card,0
9/1/2022 0:22,12592,800F74B80,11968,80CB23DC0,4.72,US Dollar,4.72,US Dollar,Credit Card,0
9/1/2022 0:24,22364,800F75220,114721,8118E7B00,11.13,US Dollar,11.13,US Dollar,Credit Card,0
9/1/2022 0:22,2860,800F75290,151250,8131C2620,160.83,US Dollar,160.83,US Dollar,Credit Card,0
9/1/2022 0:03,22481,800F75A50,22481,800F75A50,18.79,US Dollar,18.79,US Dollar,Reinvestment,0
9/1/2022 0:18,349,800F75F00,223113,8.11E+06,179.43,US Dollar,179.43,US Dollar,Credit Card,0
9/1/2022 0:00,1889,800F77250,11968,80CB23DC0,140.68,US Dollar,140.68,US Dollar,Credit Card,0
9/1/2022 0:01,13354,8013E3D20,151250,8131C2620,17.57,US Dollar,17.57,US Dollar,Credit Card,0
9/1/2022 0:12,394,8014C5960,8801,80CDF0700,42.64,US Dollar,42.64,US Dollar,Credit Card,0
9/1/2022 0:00,3389,8014C6120,11968,80CB23DC0,150.28,US Dollar,150.28,US Dollar,Credit Card,0
9/1/2022 0:02,13354,8014CA680,11968,80CB23DC0,121.19,US Dollar,121.19,US Dollar,Credit Card,0
9/1/2022 0:17,13354,8014D0C40,13354,8014D0C40,1578.16,US Dollar,1578.16,US Dollar,Reinvestment,0
9/1/2022 0:17,33563,8014D6EF0,33563,8014D6EF0,25238.42,US Dollar,25238.42,US Dollar,Reinvestment,0
9/1/2022 0:18,3533,8014D70C0,12063,8014D7070,1288507,US Dollar,1288507,US Dollar,ACH,0
9/1/2022 0:13,3533,8014D70C0,3533,8014D70C0,2383.6,US Dollar,2383.6,US Dollar,Reinvestment,0
9/1/2022 0:13,12966,8015238B0,12966,8015238B0,2049.68,US Dollar,2049.68,US Dollar,Reinvestment,0
9/1/2022 0:29,13474,8014CF900,56335,81A89E7B0,16.48,US Dollar,16.48,US Dollar,Credit Card,0
9/1/2022 0:21,13354,8014D0C40,13354,8014D0C40,8.09,US Dollar,8.09,US Dollar,Reinvestment,0
9/1/2022 0:18,11,8014D2420,11,8014D2420,23.15,US Dollar,23.15,US Dollar,Reinvestment,0
9/1/2022 0:18,12063,8014D7070,28958,806B44A40,6.28,US Dollar,6.28,US Dollar,Credit Card,0
9/1/2022 0:16,22129,8014D7290,22129,8014D7290,12.18,US Dollar,12.18,US Dollar,Reinvestment,0
9/1/2022 0:13,1439,8.02E+75,1439,8.02E+75,14.24,US Dollar,14.24,US Dollar,Reinvestment,0
9/1/2022 0:26,13354,80145D9E0,13354,80145D9E0,6916720.4,US Dollar,6916720.4,US Dollar,Reinvestment,0
9/1/2022 0:26,20,801565C50,20,801565C50,684.65,US Dollar,684.65,US Dollar,Reinvestment,0
9/1/2022 0:28,31984,8015662B0,31984,8015662B0,237.1,US Dollar,237.1,US Dollar,Reinvestment,0
9/1/2022 0:09,33668,801566300,33668,801566300,4681.16,US Dollar,4681.16,US Dollar,Reinvestment,0
9/1/2022 0:26,1439,8.02E+06,13125,8015664D0,337647,US Dollar,337647,US Dollar,ACH,0
9/1/2022 0:29,3914,80160DD30,3914,80160DD30,12093.52,US Dollar,12093.52,US Dollar,Reinvestment,0
9/1/2022 0:24,1217,801565CA0,3500,8072E32C0,31.28,US Dollar,31.28,US Dollar,Credit Card,0
9/1/2022 0:00,13125,8015664D0,22129,804192180,107.85,US Dollar,107.85,US Dollar,Credit Card,0
9/1/2022 0:00,2196,80160DD80,234933,80CF296D0,19.09,US Dollar,19.09,US Dollar,Credit Card,0
9/1/2022 0:12,20,800044230,20,800044230,43754.43,US Dollar,43754.43,US Dollar,Reinvestment,0
9/1/2022 0:07,12,800056090,12,800056090,7666.72,US Dollar,7666.72,US Dollar,Reinvestment,0
9/1/2022 0:04,70,10042B660,20,800054200,700620.29,US Dollar,700620.29,US Dollar,Cheque,0
9/1/2022 0:06,1,800054290,1,800054290,891489.28,US Dollar,891489.28,US Dollar,Reinvestment,0
9/1/2022 0:13,1,800056ED0,1,800056ED0,32027235.31,US Dollar,32027235.31,US Dollar,Reinvestment,0
9/1/2022 0:05,1,800056ED0,1,800056ED0,21.08,US Dollar,21.08,US Dollar,Reinvestment,0
9/1/2022 0:04,20,800057270,20,800057270,392427.5,US Dollar,392427.5,US Dollar,Reinvestment,0
9/1/2022 0:16,20,800057660,20,800057660,5309.4,US Dollar,5309.4,US Dollar,Cheque,0
9/1/2022 0:22,12,8.00E+35,12,8.00E+35,291136.22,US Dollar,291136.22,US Dollar,Reinvestment,0
9/1/2022 0:01,12,8.00E+35,12,8.00E+35,8.77,US Dollar,8.77,US Dollar,Reinvestment,0
9/1/2022 0:14,20,8000581F0,20,8000581F0,23,US Dollar,23,US Dollar,Reinvestment,0
9/1/2022 0:25,20,800058C60,20,800058C60,894010.36,US Dollar,894010.36,US Dollar,Reinvestment,0
9/1/2022 0:12,20,800059410,20,800059410,122921.49,US Dollar,122921.49,US Dollar,Reinvestment,0
9/1/2022 0:25,20,8.00E+06,20,8.00E+06,32496.7,US Dollar,32496.7,US Dollar,Reinvestment,0
9/1/2022 0:05,1,80005A0E0,1,80005A0E0,15.33,US Dollar,15.33,US Dollar,Reinvestment,0
9/1/2022 0:16,20,80005A340,20,80005A340,1810272.39,US Dollar,1810272.39,US Dollar,Reinvestment,0
9/1/2022 0:27,224,80005A930,224,80005A930,18.84,US Dollar,18.84,US Dollar,Reinvestment,0
9/1/2022 0:17,224,80005ACF0,224,80005ACF0,95369.47,US Dollar,95369.47,US Dollar,Reinvestment,0
9/1/2022 0:05,20,80005B040,20,80005B040,117164.6,US Dollar,117164.6,US Dollar,Reinvestment,0
9/1/2022 0:28,20,80005B040,20,80005B040,15.81,US Dollar,15.81,US Dollar,Reinvestment,0
9/1/2022 0:06,11,800058480,11,800058480,190623.14,US Dollar,190623.14,US Dollar,Reinvestment,0
9/1/2022 0:22,11,80005BB60,11,80005BB60,1267704.14,US Dollar,1267704.14,US Dollar,Reinvestment,0
9/1/2022 0:00,1,80005CA70,1,80005CA70,20021.25,US Dollar,20021.25,US Dollar,Reinvestment,0
9/1/2022 0:10,1,80005CA70,1,80005CA70,31923.49,US Dollar,31923.49,US Dollar,Cheque,0
9/1/2022 0:14,20,80005CDA0,20,80005CDA0,9.58,US Dollar,9.58,US Dollar,Reinvestment,0
9/1/2022 0:04,12,80005D160,12,80005D160,11.41,US Dollar,11.41,US Dollar,Reinvestment,0
9/1/2022 0:27,20,80005DA20,20,80005DA20,96089.81,US Dollar,96089.81,US Dollar,Reinvestment,0
9/1/2022 0:28,20,80005DD70,20,80005DD70,14.62,US Dollar,14.62,US Dollar,Reinvestment,0
9/1/2022 0:03,11,80005E750,11,80005E750,188755.39,US Dollar,188755.39,US Dollar,Reinvestment,0
9/1/2022 0:06,11,80005E750,11,80005E750,81701.93,US Dollar,81701.93,US Dollar,Cheque,0
9/1/2022 0:08,11,80005E750,11,80005E750,7527.7,US Dollar,7527.7,US Dollar,Credit Card,0
9/1/2022 0:09,11,80005E750,11,80005E750,201551.63,US Dollar,201551.63,US Dollar,Wire,0
9/1/2022 0:28,12,80005EA80,12,80005EA80,10406.57,US Dollar,10406.57,US Dollar,Cheque,0
9/1/2022 0:18,12,80005EA80,12,80005EA80,17355,US Dollar,17355,US Dollar,Cash,0
9/1/2022 0:27,1,80005F620,1,80005F620,686.74,US Dollar,686.74,US Dollar,Cheque,0
9/1/2022 0:10,1,80005F620,1,80005F620,2124.57,US Dollar,2124.57,US Dollar,Credit Card,0
9/1/2022 0:05,1,80005F620,1,80005F620,343.56,US Dollar,343.56,US Dollar,ACH,0
9/1/2022 0:09,20,80005F910,20,80005F910,22.22,US Dollar,22.22,US Dollar,Reinvestment,0
9/1/2022 0:17,11,8000ED820,11,8000ED820,17.83,US Dollar,17.83,US Dollar,Reinvestment,0
9/1/2022 0:19,11,8000EDF00,11,8000EDF00,1092631.31,US Dollar,1092631.31,US Dollar,Reinvestment,0
9/1/2022 0:06,20,8000EE770,20,8000EE770,11.08,US Dollar,11.08,US Dollar,Reinvestment,0
9/1/2022 0:24,20,8000EEC20,20,8000EEC20,12462.52,US Dollar,12462.52,US Dollar,Reinvestment,0
9/1/2022 0:09,12,8000EF760,12,8000EF760,6263655.65,US Dollar,6263655.65,US Dollar,Reinvestment,0
9/1/2022 0:23,20,800057BB0,12,8000EF760,145706.3,US Dollar,145706.3,US Dollar,Cheque,0
9/1/2022 0:21,20,800057BB0,12,8000EF760,21801.96,US Dollar,21801.96,US Dollar,Wire,0
9/1/2022 0:10,224,8000F0B00,224,8000F0B00,727.67,US Dollar,727.67,US Dollar,Reinvestment,0
9/1/2022 0:03,11,8000F9340,11,8000F9340,254047.5,US Dollar,254047.5,US Dollar,Reinvestment,0
9/1/2022 0:20,224,80005B7C0,224,80005B7C0,9992.86,US Dollar,9992.86,US Dollar,Reinvestment,0
9/1/2022 0:22,12,8000F8D20,12,8000F8D20,594.24,US Dollar,594.24,US Dollar,Reinvestment,0
9/1/2022 0:18,20,8000F8990,139833,812116FE0,32.7,US Dollar,32.7,US Dollar,Credit Card,0
9/1/2022 0:09,20,8000F8CD0,20,8000F8CD0,10.79,US Dollar,10.79,US Dollar,Reinvestment,0
9/1/2022 0:00,11,8000FA930,11,8000FA930,32420.35,US Dollar,32420.35,US Dollar,Reinvestment,0
9/1/2022 0:04,11,8000FAE50,11,8000FAE50,318410.69,US Dollar,318410.69,US Dollar,Reinvestment,0
9/1/2022 0:03,20,800058C10,11,8000FAE50,69522.31,US Dollar,69522.31,US Dollar,Cheque,0
9/1/2022 0:23,20,800058C10,11,8000FAE50,42576.97,US Dollar,42576.97,US Dollar,ACH,0
9/1/2022 0:06,12,8000FB2E0,12,8000FB2E0,15.57,US Dollar,15.57,US Dollar,Reinvestment,0
9/1/2022 0:02,224,8000FBE20,224,8000FBE20,10.5,US Dollar,10.5,US Dollar,Reinvestment,0
9/1/2022 0:14,1,8000FCD60,1,8000FCD60,489108.41,US Dollar,489108.41,US Dollar,Reinvestment,0
9/1/2022 0:13,1,8000FE080,1,8000FE080,532564.79,US Dollar,532564.79,US Dollar,Reinvestment,0
9/1/2022 0:17,70,10042B660,12,8.00E+06,2885.95,US Dollar,2885.95,US Dollar,Cheque,0
9/1/2022 0:29,70,10042B660,12,8.00E+06,5178.64,US Dollar,5178.64,US Dollar,Cash,0
9/1/2022 0:20,1217,800100AC0,1217,800100AC0,61521.96,US Dollar,61521.96,US Dollar,Reinvestment,0
9/1/2022 0:17,224,8000FC430,224,8000FC430,1867121.32,US Dollar,1867121.32,US Dollar,Reinvestment,0
9/1/2022 0:12,11,800100250,11,800100250,9795.13,US Dollar,9795.13,US Dollar,Reinvestment,0
9/1/2022 0:14,224,8000FC430,224,8000FC430,18.54,US Dollar,18.54,US Dollar,Reinvestment,0
9/1/2022 0:28,1217,8000FE820,24778,80D9BAC30,28.41,US Dollar,28.41,US Dollar,Credit Card,0
9/1/2022 0:00,11,8.00E+25,20,8003E2560,46.23,US Dollar,46.23,US Dollar,Credit Card,0
9/1/2022 0:20,11,800101740,11,800101740,738971.41,US Dollar,738971.41,US Dollar,Reinvestment,0
9/1/2022 0:14,1,800101790,1,800101790,7077.98,US Dollar,7077.98,US Dollar,Reinvestment,0
9/1/2022 0:21,11,800101B80,11,800101B80,8414.44,US Dollar,8414.44,US Dollar,Reinvestment,0
9/1/2022 0:22,20,8000FBC30,20,8000FBC30,5.1,US Dollar,5.1,US Dollar,Reinvestment,0
9/1/2022 0:27,12,8000FB050,12,8000FB050,23227.43,US Dollar,23227.43,US Dollar,Reinvestment,0
9/1/2022 0:26,1217,800104060,1217,800104060,32050.98,US Dollar,32050.98,US Dollar,Reinvestment,0
9/1/2022 0:05,20,8001044D0,20,8001044D0,421288.53,US Dollar,421288.53,US Dollar,Reinvestment,0
9/1/2022 0:03,20,800104CB0,20,800104CB0,678450.71,US Dollar,678450.71,US Dollar,Reinvestment,0
9/1/2022 0:00,3200,8001052C0,3200,8001052C0,17748.52,US Dollar,17748.52,US Dollar,Reinvestment,0
9/1/2022 0:24,12,80005C690,20,800105270,40747.91,US Dollar,40747.91,US Dollar,Cheque,0
9/1/2022 0:18,12,80005C690,20,800105270,9752.12,US Dollar,9752.12,US Dollar,Credit Card,0
9/1/2022 0:06,224,800103B80,224,800103B80,702774.88,US Dollar,702774.88,US Dollar,Reinvestment,0
9/1/2022 0:02,3209,800103C20,3209,800103C20,16360.8,US Dollar,16360.8,US Dollar,Reinvestment,0
9/1/2022 0:13,3210,800104770,20,8001046D0,1218.74,US Dollar,1218.74,US Dollar,ACH,0
9/1/2022 0:26,224,800103B80,224,800103B80,20.82,US Dollar,20.82,US Dollar,Reinvestment,0
9/1/2022 0:01,3208,800103790,3208,800103790,5226.78,US Dollar,5226.78,US Dollar,Reinvestment,0
9/1/2022 0:04,20,8001063F0,20,8001063F0,232885.22,US Dollar,232885.22,US Dollar,Reinvestment,0
9/1/2022 0:22,20,800106440,20,800106440,31134.85,US Dollar,31134.85,US Dollar,Reinvestment,0
9/1/2022 0:26,20,800106490,20,800106490,21.21,US Dollar,21.21,US Dollar,Reinvestment,0
9/1/2022 0:03,224,8.00E+06,224,8.00E+06,20.56,US Dollar,20.56,US Dollar,Reinvestment,0
9/1/2022 0:08,1217,800107560,1217,800107560,2897.96,US Dollar,2897.96,US Dollar,Reinvestment,0
9/1/2022 0:18,1217,800107560,1217,800107560,14.51,US Dollar,14.51,US Dollar,Reinvestment,0
9/1/2022 0:01,1231,800108370,1231,800108370,417884.38,US Dollar,417884.38,US Dollar,Reinvestment,0
9/1/2022 0:09,1,800101790,1231,800108370,221714.63,US Dollar,221714.63,US Dollar,Cheque,0
9/1/2022 0:20,1,800101790,1231,800108370,14835.35,US Dollar,14835.35,US Dollar,Credit Card,0
9/1/2022 0:24,1,800101790,1231,800108370,524554.5,US Dollar,524554.5,US Dollar,Cash,0
9/1/2022 0:16,1231,800108370,1231,800108370,22.69,US Dollar,22.69,US Dollar,Reinvestment,0
9/1/2022 0:12,12,800106DA0,12,800106DA0,14.04,US Dollar,14.04,US Dollar,Reinvestment,0
9/1/2022 0:10,12,8001093C0,12,8001093C0,8303.18,US Dollar,8303.18,US Dollar,Reinvestment,0
9/1/2022 0:27,12,8001093C0,12,8001093C0,16.44,US Dollar,16.44,US Dollar,Reinvestment,0
9/1/2022 0:00,20,80005A690,1,800109C10,197626.25,US Dollar,197626.25,US Dollar,Cheque,0
9/1/2022 0:05,20,80005A690,1,800109C10,165123.37,US Dollar,165123.37,US Dollar,Cash,0
9/1/2022 0:15,1217,80010AC70,1217,80010AC70,3.77,US Dollar,3.77,US Dollar,Reinvestment,0
9/1/2022 0:07,12,80010B520,12,80010B520,278295.82,US Dollar,278295.82,US Dollar,Reinvestment,0
9/1/2022 0:04,20,80010BC80,20,80010BC80,15.38,US Dollar,15.38,US Dollar,Reinvestment,0
9/1/2022 0:12,1231,80010C4C0,1231,80010C4C0,12067.64,US Dollar,12067.64,US Dollar,Reinvestment,0
9/1/2022 0:16,20,80005B040,1231,80010C4C0,478.24,US Dollar,478.24,US Dollar,Cheque,0
9/1/2022 0:15,20,80005B040,1231,80010C4C0,152.53,US Dollar,152.53,US Dollar,Credit Card,0
9/1/2022 0:12,20,80005B040,1231,80010C4C0,39.02,US Dollar,39.02,US Dollar,Cash,0
9/1/2022 0:05,20,80005B040,1231,80010C4C0,0.18,US Dollar,0.18,US Dollar,ACH,0
9/1/2022 0:15,12,80005C690,12,80010CF90,3313.62,US Dollar,3313.62,US Dollar,Cheque,0
9/1/2022 0:21,12,80005C690,12,80010CF90,10469.61,US Dollar,10469.61,US Dollar,Wire,0
9/1/2022 0:14,12,80010CF90,12,80010CF90,5.43,US Dollar,5.43,US Dollar,Reinvestment,0
9/1/2022 0:25,20,80010DC40,20,80010DC40,203789.6,US Dollar,203789.6,US Dollar,Reinvestment,0
9/1/2022 0:24,1,80010E9C0,1,80010E9C0,110406.79,US Dollar,110406.79,US Dollar,Reinvestment,0
9/1/2022 0:19,20,80010E3D0,20,80010E3D0,257039.5,US Dollar,257039.5,US Dollar,Reinvestment,0
9/1/2022 0:25,3214,80010E420,3214,80010E420,48500.52,US Dollar,48500.52,US Dollar,Reinvestment,0
9/1/2022 0:00,20,80010E3D0,20,80010E3D0,21.98,US Dollar,21.98,US Dollar,Reinvestment,0
9/1/2022 0:21,20,8000F8990,1,800110370,19958.59,US Dollar,19958.59,US Dollar,Cheque,0
9/1/2022 0:07,20,8000F8990,1,800110370,13938.51,US Dollar,13938.51,US Dollar,Credit Card,0
9/1/2022 0:25,1217,80010FDD0,1217,80010FDD0,9.09,US Dollar,9.09,US Dollar,Reinvestment,0
9/1/2022 0:16,1,8000F8F10,1,8000F8F10,23.37,US Dollar,23.37,US Dollar,Reinvestment,0
9/1/2022 0:21,224,800112AE0,224,800112AE0,12722.98,US Dollar,12722.98,US Dollar,Reinvestment,0
9/1/2022 0:00,1,800112F90,1,800112F90,13.16,US Dollar,13.16,US Dollar,Reinvestment,0
9/1/2022 0:03,224,8000FD180,224,8000FD180,10191.94,US Dollar,10191.94,US Dollar,Reinvestment,0
9/1/2022 0:26,20,8.00E+35,20,800115330,7298.67,US Dollar,7298.67,US Dollar,Cash,0
9/1/2022 0:03,20,8.00E+35,20,800115330,3286.68,US Dollar,3286.68,US Dollar,ACH,0
9/1/2022 0:10,20,8.00E+35,20,800115330,573.75,US Dollar,573.75,US Dollar,Wire,0
9/1/2022 0:14,12,800115B90,12,800115B90,315112.47,US Dollar,315112.47,US Dollar,Reinvestment,0
9/1/2022 0:10,12,800115B90,12,800115B90,19.24,US Dollar,19.24,US Dollar,Reinvestment,0
9/1/2022 0:02,20,8001158B0,20,8001158B0,1103.08,US Dollar,1103.08,US Dollar,Reinvestment,0
9/1/2022 0:26,20,800116490,20,800116490,12520.17,US Dollar,12520.17,US Dollar,Reinvestment,0
9/1/2022 0:17,20,800116CC0,20,800116CC0,452394.68,US Dollar,452394.68,US Dollar,Reinvestment,0
9/1/2022 0:28,12,800116D10,12,800116D10,22686.14,US Dollar,22686.14,US Dollar,Reinvestment,0
9/1/2022 0:26,11,800116990,11,800116990,2724647.44,US Dollar,2724647.44,US Dollar,Reinvestment,0
9/1/2022 0:26,11,800116A30,11,800116A30,9142.36,US Dollar,9142.36,US Dollar,Reinvestment,0
9/1/2022 0:15,1217,800116A80,1217,800116A80,157.7,US Dollar,157.7,US Dollar,Reinvestment,0
9/1/2022 0:17,11,800116A30,11,800116A30,16.6,US Dollar,16.6,US Dollar,Reinvestment,0
9/1/2022 0:21,12,800117550,12,800117550,137121.19,US Dollar,137121.19,US Dollar,Reinvestment,0
9/1/2022 0:25,1,8001160C0,1,8001160C0,3902.34,US Dollar,3902.34,US Dollar,Reinvestment,0
9/1/2022 0:19,20,800117B80,20,800117B80,6968.69,US Dollar,6968.69,US Dollar,Reinvestment,0
9/1/2022 0:01,20,800117B80,20,800117B80,19.41,US Dollar,19.41,US Dollar,Reinvestment,0
9/1/2022 0:27,12,800110830,12,800110830,12362.1,US Dollar,12362.1,US Dollar,Reinvestment,0
9/1/2022 0:00,3214,800110880,3214,800110880,17393.14,US Dollar,17393.14,US Dollar,Reinvestment,0
9/1/2022 0:28,20,800110DE0,20,800110DE0,8639.86,US Dollar,8639.86,US Dollar,Reinvestment,0
9/1/2022 0:26,20,8.00E+85,20,8.00E+85,104587.69,US Dollar,104587.69,US Dollar,Reinvestment,0
9/1/2022 0:11,224,800113400,224,800113400,3940.72,US Dollar,3940.72,US Dollar,Reinvestment,0
9/1/2022 0:29,1217,800113DE0,1217,800113DE0,29052.12,US Dollar,29052.12,US Dollar,Reinvestment,0
9/1/2022 0:01,1231,800118230,1231,800118230,8357.61,US Dollar,8357.61,US Dollar,Reinvestment,0
9/1/2022 0:11,12,800110830,12,800110830,4.44,US Dollar,4.44,US Dollar,Reinvestment,0
9/1/2022 0:20,20,8.00E+85,20,8.00E+85,6.37,US Dollar,6.37,US Dollar,Reinvestment,0
9/1/2022 0:22,1217,800113DE0,1217,800113DE0,15.91,US Dollar,15.91,US Dollar,Reinvestment,0
9/1/2022 0:04,12,80011BF30,12,80011BF30,3.22,US Dollar,3.22,US Dollar,Reinvestment,0
9/1/2022 0:14,20,80010E3D0,20,80011D080,3931.06,US Dollar,3931.06,US Dollar,Cheque,0
9/1/2022 0:02,20,80011DDC0,20,80011DDC0,473.18,US Dollar,473.18,US Dollar,Reinvestment,0
9/1/2022 0:10,3221,80011DEB0,3221,80011DEB0,5712.99,US Dollar,5712.99,US Dollar,Reinvestment,0
9/1/2022 0:05,20,80011E2A0,20,80011E2A0,272.09,US Dollar,272.09,US Dollar,Reinvestment,0
9/1/2022 0:17,12,80011DA50,12,80011DA50,12.32,US Dollar,12.32,US Dollar,Reinvestment,0
9/1/2022 0:04,3229,80011A230,20,80011B550,12591.39,US Dollar,12591.39,US Dollar,ACH,0
9/1/2022 0:07,1231,80011A760,1231,80011A760,5650.77,US Dollar,5650.77,US Dollar,Reinvestment,0
9/1/2022 0:24,224,80011A7B0,224,80011A7B0,2605.12,US Dollar,2605.12,US Dollar,Reinvestment,0
9/1/2022 0:18,20,80011B550,20,80011B550,297.75,US Dollar,297.75,US Dollar,Reinvestment,0
9/1/2022 0:21,3225,80011B780,3225,80011B780,1771.52,US Dollar,1771.52,US Dollar,Reinvestment,0
9/1/2022 0:20,3225,80011BBE0,3225,80011BBE0,3572.34,US Dollar,3572.34,US Dollar,Reinvestment,0
9/1/2022 0:09,1217,80011EA20,1217,80011EA20,3665.73,US Dollar,3665.73,US Dollar,Reinvestment,0
9/1/2022 0:04,20,80011B490,115128,806F56120,177.21,US Dollar,177.21,US Dollar,Credit Card,0
9/1/2022 0:11,12,80011C720,12,80011C720,14.21,US Dollar,14.21,US Dollar,Reinvestment,0
9/1/2022 0:28,224,80011CAD0,224,80011CAD0,15.67,US Dollar,15.67,US Dollar,Reinvestment,0
9/1/2022 0:15,1217,800119C70,1217,800119C70,1347414.02,US Dollar,1347414.02,US Dollar,Reinvestment,0
9/1/2022 0:03,20,800119D10,20,800119D10,17271.71,US Dollar,17271.71,US Dollar,Reinvestment,0
9/1/2022 0:01,1217,800119C70,1217,800119C70,7.17,US Dollar,7.17,US Dollar,Reinvestment,0
9/1/2022 0:24,11,800122090,11,800122090,52942.23,US Dollar,52942.23,US Dollar,Reinvestment,0
9/1/2022 0:06,11,800121C30,11,800121C30,6.51,US Dollar,6.51,US Dollar,Reinvestment,0
9/1/2022 0:01,20,800122DB0,20,800122DB0,396903.38,US Dollar,396903.38,US Dollar,Reinvestment,0
9/1/2022 0:08,20,800122DB0,20,800122DB0,22.28,US Dollar,22.28,US Dollar,Reinvestment,0
9/1/2022 0:21,224,8001242C0,224,8001242C0,1757753.23,US Dollar,1757753.23,US Dollar,Reinvestment,0
9/1/2022 0:23,20,800127430,20,800127430,5678.54,US Dollar,5678.54,US Dollar,Reinvestment,0
9/1/2022 0:16,20,8000F9FA0,20,8000F9FA0,134722.14,US Dollar,134722.14,US Dollar,Reinvestment,0
9/1/2022 0:25,224,800127B30,224,800127B30,2659.37,US Dollar,2659.37,US Dollar,Reinvestment,0
9/1/2022 0:26,12,800127AE0,12,800127AE0,4.02,US Dollar,4.02,US Dollar,Reinvestment,0
9/1/2022 0:09,20,800128120,20,800128120,261742.1,US Dollar,261742.1,US Dollar,Reinvestment,0
9/1/2022 0:08,224,8000EFBD0,224,8000EFBD0,296375.56,US Dollar,296375.56,US Dollar,Reinvestment,0
9/1/2022 0:07,12,8000EFB10,12,8000EFB10,119222.47,US Dollar,119222.47,US Dollar,Reinvestment,0
9/1/2022 0:01,1,800128B70,1,800128B70,1702.37,US Dollar,1702.37,US Dollar,Reinvestment,0
9/1/2022 0:06,70,10042B660,12,8000EFB10,1096731.69,US Dollar,1096731.69,US Dollar,Cheque,0
9/1/2022 0:02,70,10042B660,12,8000EFB10,2623544.8,US Dollar,2623544.8,US Dollar,Cash,0
9/1/2022 0:19,1,800129270,1,800129270,539962.16,US Dollar,539962.16,US Dollar,Reinvestment,0
9/1/2022 0:22,12,800129FA0,12,800129FA0,24.95,US Dollar,24.95,US Dollar,Reinvestment,0
9/1/2022 0:26,1217,80012A2B0,1217,80012A2B0,517.87,US Dollar,517.87,US Dollar,Reinvestment,0
9/1/2022 0:06,1231,800129C90,1231,800129C90,19.28,US Dollar,19.28,US Dollar,Reinvestment,0
9/1/2022 0:08,20,80012A210,20,80012A210,22.45,US Dollar,22.45,US Dollar,Reinvestment,0
9/1/2022 0:20,1231,80012B050,1231,80012B050,12.09,US Dollar,12.09,US Dollar,Reinvestment,0
9/1/2022 0:26,224,80012B4B0,224,80012B4B0,134202.18,US Dollar,134202.18,US Dollar,Reinvestment,0
9/1/2022 0:16,12,800106DA0,224,80012B4B0,6982.7,US Dollar,6982.7,US Dollar,Cheque,0
9/1/2022 0:02,12,800106DA0,224,80012B4B0,2215.06,US Dollar,2215.06,US Dollar,Credit Card,0
9/1/2022 0:12,20,80012B8F0,20,80012B8F0,437404.94,US Dollar,437404.94,US Dollar,Reinvestment,0
9/1/2022 0:19,3208,800127EE0,224,800128F90,10585.95,US Dollar,10585.95,US Dollar,ACH,0
9/1/2022 0:07,224,800127F30,224,800127F30,21085.91,US Dollar,21085.91,US Dollar,Reinvestment,0
9/1/2022 0:17,3200,800129750,20,80012AC30,46.61,US Dollar,46.61,US Dollar,ACH,0
9/1/2022 0:09,12,80012AB90,12,80012AB90,7552.71,US Dollar,7552.71,US Dollar,Reinvestment,0
9/1/2022 0:00,224,80012D050,224,80012D050,23060.55,US Dollar,23060.55,US Dollar,Reinvestment,0
9/1/2022 0:04,20,80012DFA0,20,80012DFA0,912840.57,US Dollar,912840.57,US Dollar,Reinvestment,0
9/1/2022 0:01,20,80005A340,20,80012DFA0,56383.8,US Dollar,56383.8,US Dollar,Cheque,0
9/1/2022 0:07,20,80005A340,20,80012DFA0,15932.46,US Dollar,15932.46,US Dollar,Cash,0
9/1/2022 0:09,20,80005A340,20,80012DFA0,6707.07,US Dollar,6707.07,US Dollar,ACH,0
9/1/2022 0:11,11,80012F3F0,11,80012F3F0,14,US Dollar,14,US Dollar,Reinvestment,0
9/1/2022 0:14,224,800130160,224,800130160,117104.51,US Dollar,117104.51,US Dollar,Reinvestment,0
9/1/2022 0:08,224,800130160,224,800130160,9.74,US Dollar,9.74,US Dollar,Reinvestment,0
9/1/2022 0:11,1231,800129C40,1231,800129C40,225909.87,US Dollar,225909.87,US Dollar,Reinvestment,0
9/1/2022 0:29,224,800131280,224,800131280,111.46,US Dollar,111.46,US Dollar,Reinvestment,0
9/1/2022 0:15,3235,800131C40,3235,800131C40,741.51,US Dollar,741.51,US Dollar,Reinvestment,0
9/1/2022 0:02,1231,800131F10,1231,800131F10,18664.15,US Dollar,18664.15,US Dollar,Reinvestment,0
9/1/2022 0:23,224,800131280,224,800131280,8.3,US Dollar,8.3,US Dollar,Reinvestment,0
9/1/2022 0:01,3210,80012FEA0,3210,80012FEA0,4411.72,US Dollar,4411.72,US Dollar,Reinvestment,0
9/1/2022 0:19,1231,800130DD0,1231,800130DD0,1286.16,US Dollar,1286.16,US Dollar,Reinvestment,0
9/1/2022 0:17,1217,8.00E+75,1217,8.00E+75,6106.81,US Dollar,6106.81,US Dollar,Reinvestment,0
9/1/2022 0:07,1231,80012FD10,1231,80012FD10,23.01,US Dollar,23.01,US Dollar,Reinvestment,0
9/1/2022 0:01,224,800132640,11770,8095CEF90,15.99,US Dollar,15.99,US Dollar,Credit Card,0
9/1/2022 0:29,20,800132C60,20,800132C60,2712015.15,US Dollar,2712015.15,US Dollar,Reinvestment,0
9/1/2022 0:17,12,800125460,12,800125460,3073452.08,US Dollar,3073452.08,US Dollar,Reinvestment,0
9/1/2022 0:22,11,80012D6D0,11,80012D6D0,7485.62,US Dollar,7485.62,US Dollar,Reinvestment,0
9/1/2022 0:03,224,80012DC10,224,80012DC10,6410.07,US Dollar,6410.07,US Dollar,Reinvestment,0
9/1/2022 0:25,20,80012F900,20,80012F900,20905.94,US Dollar,20905.94,US Dollar,Reinvestment,0
9/1/2022 0:28,12,800106DA0,12,80012F630,9898587.11,US Dollar,9898587.11,US Dollar,Cheque,0
9/1/2022 0:11,12,800106DA0,12,80012F630,21574.15,US Dollar,21574.15,US Dollar,Credit Card,0
9/1/2022 0:11,12,800106DA0,12,80012F630,3173854.66,US Dollar,3173854.66,US Dollar,ACH,0
9/1/2022 0:01,12,800125460,12,800125460,8.61,US Dollar,8.61,US Dollar,Reinvestment,0
9/1/2022 0:07,11,80012D6D0,11,80012D6D0,15.98,US Dollar,15.98,US Dollar,Reinvestment,0
9/1/2022 0:00,1231,80012DBC0,1231,80012DBC0,10.58,US Dollar,10.58,US Dollar,Reinvestment,0
9/1/2022 0:12,12,80012F630,12,80012F630,4.86,US Dollar,4.86,US Dollar,Reinvestment,0
9/1/2022 0:19,20,80012F900,20,80012F900,11.19,US Dollar,11.19,US Dollar,Reinvestment,0
9/1/2022 0:25,12,8.00E+06,11222,815805430,12.59,US Dollar,12.59,US Dollar,Credit Card,0
9/1/2022 0:09,11,8001348B0,11,8001348B0,18.15,US Dollar,18.15,US Dollar,Reinvestment,0
9/1/2022 0:05,1,800135360,1,800135360,1432791.51,US Dollar,1432791.51,US Dollar,Reinvestment,0
9/1/2022 0:12,11,800135A60,11,800135A60,66436.45,US Dollar,66436.45,US Dollar,Reinvestment,0
9/1/2022 0:18,11,800135A60,11,800135A60,24.67,US Dollar,24.67,US Dollar,Reinvestment,0
9/1/2022 0:28,1217,8.00E+75,1217,8.00E+75,343659.49,US Dollar,343659.49,US Dollar,Reinvestment,0
9/1/2022 0:13,1217,8.00E+75,1217,8.00E+75,16.88,US Dollar,16.88,US Dollar,Reinvestment,0
9/1/2022 0:23,1231,800138370,1231,800138370,1423609.38,US Dollar,1423609.38,US Dollar,Reinvestment,0
9/1/2022 0:09,20,800138AC0,20,800138AC0,3966431.59,US Dollar,3966431.59,US Dollar,Reinvestment,0
9/1/2022 0:18,20,800138F00,20,800138F00,47101.01,US Dollar,47101.01,US Dollar,Reinvestment,0
9/1/2022 0:27,1231,8001398D0,1231,8001398D0,665.14,US Dollar,665.14,US Dollar,Reinvestment,0
9/1/2022 0:07,20,800139920,20,800139920,300.64,US Dollar,300.64,US Dollar,Reinvestment,0
9/1/2022 0:26,1231,8001398D0,1231,8001398D0,18,US Dollar,18,US Dollar,Reinvestment,0
9/1/2022 0:16,224,800127B30,20,80013A140,114987.45,US Dollar,114987.45,US Dollar,Cheque,0
9/1/2022 0:00,224,800127B30,20,80013A140,10788.19,US Dollar,10788.19,US Dollar,Credit Card,0
9/1/2022 0:25,224,800127B30,20,80013A140,11729.33,US Dollar,11729.33,US Dollar,Cash,0
9/1/2022 0:05,224,800127B30,20,80013A140,7378.27,US Dollar,7378.27,US Dollar,ACH,0
9/1/2022 0:07,20,80013A140,20,80013A140,23.12,US Dollar,23.12,US Dollar,Reinvestment,0
9/1/2022 0:20,70,10042B660,1231,80013AF70,3834.34,US Dollar,3834.34,US Dollar,Cheque,0
9/1/2022 0:23,70,10042B660,1231,80013AF70,5742.37,US Dollar,5742.37,US Dollar,Credit Card,0
9/1/2022 0:20,70,10042B660,1231,80013AF70,1121.28,US Dollar,1121.28,US Dollar,Cash,0
9/1/2022 0:22,1217,80013DE80,1217,80013DE80,130882.65,US Dollar,130882.65,US Dollar,Reinvestment,0
9/1/2022 0:06,3234,80013CC00,12,80013D3E0,1156.51,US Dollar,1156.51,US Dollar,ACH,0
9/1/2022 0:13,20,80013CC50,224,80013CDE0,2750828,US Dollar,2750828,US Dollar,ACH,0
9/1/2022 0:19,3200,80013D390,3200,80013D390,28.73,US Dollar,28.73,US Dollar,Reinvestment,0
9/1/2022 0:05,1,80013DBE0,1,80013DBE0,1540.53,US Dollar,1540.53,US Dollar,Reinvestment,0
9/1/2022 0:27,224,80013CDE0,8801,8075380F0,33.08,US Dollar,33.08,US Dollar,Credit Card,0
9/1/2022 0:10,1217,80013D2A0,18747,816D90BF0,287.38,US Dollar,287.38,US Dollar,Credit Card,0
9/1/2022 0:14,20,800140D50,20,800140D50,76198.72,US Dollar,76198.72,US Dollar,Reinvestment,0
9/1/2022 0:17,11,8001414F0,1,8001414A0,9940725,US Dollar,9940725,US Dollar,Cheque,0
9/1/2022 0:11,11,8001414F0,11,8001414F0,2458.85,US Dollar,2458.85,US Dollar,Reinvestment,0
9/1/2022 0:26,1,8001414A0,219368,80745B140,5.53,US Dollar,5.53,US Dollar,Credit Card,0
9/1/2022 0:21,11,8001414F0,11,8001414F0,24.01,US Dollar,24.01,US Dollar,Reinvestment,0
9/1/2022 0:23,224,8001420B0,224,8001420B0,3349.25,US Dollar,3349.25,US Dollar,Reinvestment,0
9/1/2022 0:06,20,800142060,20,800142060,20.03,US Dollar,20.03,US Dollar,Reinvestment,0
9/1/2022 0:21,20,800140950,20,800140950,5257438.69,US Dollar,5257438.69,US Dollar,Reinvestment,0
9/1/2022 0:01,1217,8001409A0,1217,8001409A0,489.44,US Dollar,489.44,US Dollar,Reinvestment,0
9/1/2022 0:26,12,8001409F0,12,8001409F0,2708.14,US Dollar,2708.14,US Dollar,Reinvestment,0
9/1/2022 0:07,3202,800141060,20,800140950,0.01,US Dollar,0.01,US Dollar,Cheque,0
9/1/2022 0:21,3233,800142460,3233,800142460,117.27,US Dollar,117.27,US Dollar,Reinvestment,0
9/1/2022 0:25,20,800140950,20,800140950,22.13,US Dollar,22.13,US Dollar,Reinvestment,0
9/1/2022 0:25,12,8001409F0,12,8001409F0,16.61,US Dollar,16.61,US Dollar,Reinvestment,0
9/1/2022 0:00,1231,800141DD0,1231,800141DD0,21.26,US Dollar,21.26,US Dollar,Reinvestment,0
9/1/2022 0:19,1231,800144920,1231,800144920,210837.2,US Dollar,210837.2,US Dollar,Reinvestment,0
9/1/2022 0:26,3210,800140140,3210,800140140,447.62,US Dollar,447.62,US Dollar,Reinvestment,0
9/1/2022 0:28,20,8001404B0,20,8001404B0,2611.72,US Dollar,2611.72,US Dollar,Reinvestment,0
9/1/2022 0:28,11,8001431B0,11,8001431B0,14449.15,US Dollar,14449.15,US Dollar,Reinvestment,0
9/1/2022 0:26,12,800143570,12,800143570,9268.09,US Dollar,9268.09,US Dollar,Reinvestment,0
9/1/2022 0:20,12,800143C90,12,800143C90,8841.83,US Dollar,8841.83,US Dollar,Reinvestment,0
9/1/2022 0:28,3221,800144000,3221,800144000,17962.65,US Dollar,17962.65,US Dollar,Reinvestment,0
9/1/2022 0:10,3208,8001440F0,3208,8001440F0,512.48,US Dollar,512.48,US Dollar,Reinvestment,0
9/1/2022 0:19,12,800144190,12,800144190,1721.63,US Dollar,1721.63,US Dollar,Reinvestment,0
9/1/2022 0:05,1,800144370,1,800144370,15214.86,US Dollar,15214.86,US Dollar,Reinvestment,0
9/1/2022 0:01,12,800144410,12,800144410,2948.73,US Dollar,2948.73,US Dollar,Reinvestment,0
9/1/2022 0:10,1217,800140070,34117,80E0DD550,154.84,US Dollar,154.84,US Dollar,Credit Card,0
9/1/2022 0:24,12,800143570,12,800143570,16.42,US Dollar,16.42,US Dollar,Reinvestment,0
9/1/2022 0:21,12,800143D30,113213,808A4C330,84.86,US Dollar,84.86,US Dollar,Credit Card,0
9/1/2022 0:05,1,800144370,1,800144370,17.1,US Dollar,17.1,US Dollar,Reinvestment,0
9/1/2022 0:21,224,800147010,224,800147010,31155.33,US Dollar,31155.33,US Dollar,Reinvestment,0
9/1/2022 0:05,12,800146870,12,800146870,17863.13,US Dollar,17863.13,US Dollar,Reinvestment,0
9/1/2022 0:23,11,800147320,11,800147320,13755.63,US Dollar,13755.63,US Dollar,Reinvestment,0
9/1/2022 0:22,3232,800147590,12,800146690,4332.58,US Dollar,4332.58,US Dollar,ACH,0
9/1/2022 0:02,1217,8.00E+06,1217,8.00E+06,9921.19,US Dollar,9921.19,US Dollar,Reinvestment,0
9/1/2022 0:23,224,80013AB30,12,800146690,343925439,US Dollar,343925439,US Dollar,Cheque,0
9/1/2022 0:05,224,80013AB30,12,800146690,25991.77,US Dollar,25991.77,US Dollar,Credit Card,0
9/1/2022 0:12,224,80013AB30,12,800146690,459319902.1,US Dollar,459319902.1,US Dollar,Cash,0
9/1/2022 0:08,224,80013AB30,12,800146690,538582252.3,US Dollar,538582252.3,US Dollar,ACH,0
9/1/2022 0:26,12,800146870,12,800146870,19.6,US Dollar,19.6,US Dollar,Reinvestment,0
9/1/2022 0:19,1217,8.00E+06,1217,8.00E+06,6.19,US Dollar,6.19,US Dollar,Reinvestment,0
9/1/2022 0:28,3214,80013B730,3214,80013B730,4336,US Dollar,4336,US Dollar,Reinvestment,0
9/1/2022 0:17,3230,80013B910,3230,80013B910,13438.07,US Dollar,13438.07,US Dollar,Reinvestment,0
9/1/2022 0:04,12,80013B960,12,80013B960,2286.9,US Dollar,2286.9,US Dollar,Reinvestment,0
9/1/2022 0:08,3230,80013BC80,3230,80013BC80,983.95,US Dollar,983.95,US Dollar,Reinvestment,0
9/1/2022 0:16,3258,80013BEB0,3258,80013BEB0,27771.48,US Dollar,27771.48,US Dollar,Reinvestment,0
9/1/2022 0:26,12,80013C340,12,80013C340,20964.18,US Dollar,20964.18,US Dollar,Reinvestment,0
9/1/2022 0:14,1217,80013EE50,1217,80013EE50,15364.78,US Dollar,15364.78,US Dollar,Reinvestment,0
9/1/2022 0:28,1,80013EEA0,1,80013EEA0,782.95,US Dollar,782.95,US Dollar,Reinvestment,0
9/1/2022 0:08,20,80013EFE0,20,80013EFE0,12798.82,US Dollar,12798.82,US Dollar,Reinvestment,0
9/1/2022 0:12,3245,80013F490,3245,80013F490,4348.93,US Dollar,4348.93,US Dollar,Reinvestment,0
9/1/2022 0:18,1,800146310,1,800146310,5438.12,US Dollar,5438.12,US Dollar,Reinvestment,0
9/1/2022 0:25,12,80013B960,12,80013B960,18.84,US Dollar,18.84,US Dollar,Reinvestment,0
9/1/2022 0:22,11,80013C4D0,137268,810FF9E50,42.13,US Dollar,42.13,US Dollar,Credit Card,0
9/1/2022 0:12,20,80013EFE0,20,80013EFE0,5.73,US Dollar,5.73,US Dollar,Reinvestment,0
9/1/2022 0:21,1217,80013F4E0,1217,80013F4E0,12.32,US Dollar,12.32,US Dollar,Reinvestment,0
9/1/2022 0:19,1231,800146220,1231,800146220,8.82,US Dollar,8.82,US Dollar,Reinvestment,0
9/1/2022 0:13,11,80014BEE0,11,80014BEE0,11721451.09,US Dollar,11721451.09,US Dollar,Reinvestment,0
9/1/2022 0:09,224,800132640,11,80014BEE0,555865.98,US Dollar,555865.98,US Dollar,Cheque,0
9/1/2022 0:22,224,800132640,11,80014BEE0,10755.19,US Dollar,10755.19,US Dollar,Credit Card,0
9/1/2022 0:18,11,80014BEE0,11,80014BEE0,16.27,US Dollar,16.27,US Dollar,Reinvestment,0
9/1/2022 0:27,1231,80014C640,1231,80014C640,349299.65,US Dollar,349299.65,US Dollar,Reinvestment,0
9/1/2022 0:13,70,10042B660,12,80014CEB0,40841.65,US Dollar,40841.65,US Dollar,Cheque,0
9/1/2022 0:18,70,10042B660,12,80014CEB0,4958.3,US Dollar,4958.3,US Dollar,Credit Card,0
9/1/2022 0:15,70,10042B660,12,80014CEB0,26585.18,US Dollar,26585.18,US Dollar,Cash,0
9/1/2022 0:01,1231,80014CA90,1231,80014CA90,1702566.09,US Dollar,1702566.09,US Dollar,Reinvestment,0
9/1/2022 0:27,224,80014CBD0,224,80014CBD0,857.62,US Dollar,857.62,US Dollar,Reinvestment,0
9/1/2022 0:24,20,80014CCC0,20,80014CCC0,6736.61,US Dollar,6736.61,US Dollar,Reinvestment,0
9/1/2022 0:13,3229,80014D260,3229,80014D260,6391.26,US Dollar,6391.26,US Dollar,Reinvestment,0
9/1/2022 0:27,20,80014CCC0,20,80014CCC0,8.82,US Dollar,8.82,US Dollar,Reinvestment,0
9/1/2022 0:20,70,10042B660,1217,80014DE20,4874.26,US Dollar,4874.26,US Dollar,Credit Card,0
9/1/2022 0:01,70,10042B660,1217,80014DE20,118286.57,US Dollar,118286.57,US Dollar,Cash,0
9/1/2022 0:07,70,10042B660,20,80014EC60,101581.08,US Dollar,101581.08,US Dollar,Cheque,0
9/1/2022 0:24,70,10042B660,20,80014EC60,21818.29,US Dollar,21818.29,US Dollar,Credit Card,0
9/1/2022 0:01,70,10042B660,20,80014EC60,5229.74,US Dollar,5229.74,US Dollar,Cash,0
9/1/2022 0:02,20,80014EC60,20,80014EC60,21.88,US Dollar,21.88,US Dollar,Reinvestment,0
9/1/2022 0:22,20,800115330,1231,80014F600,4198.57,US Dollar,4198.57,US Dollar,Credit Card,0
9/1/2022 0:22,20,800115330,1231,80014F600,3876.65,US Dollar,3876.65,US Dollar,ACH,0
9/1/2022 0:29,224,800150160,224,800150160,2639245.05,US Dollar,2639245.05,US Dollar,Reinvestment,0
9/1/2022 0:19,70,10042B660,224,800150160,2333.81,US Dollar,2333.81,US Dollar,Cheque,0
9/1/2022 0:17,70,10042B660,224,800150160,3408.97,US Dollar,3408.97,US Dollar,Credit Card,0
9/1/2022 0:03,70,10042B660,224,800150160,11763.12,US Dollar,11763.12,US Dollar,Cash,0
9/1/2022 0:09,1,8000F8F10,1217,800150A40,1543.94,US Dollar,1543.94,US Dollar,Cheque,0
9/1/2022 0:02,1,8000F8F10,1217,800150A40,3603.57,US Dollar,3603.57,US Dollar,Credit Card,0
9/1/2022 0:13,11,800151650,11,800151650,20.31,US Dollar,20.31,US Dollar,Reinvestment,0
9/1/2022 0:18,20,800150FB0,20,800150FB0,4932858.46,US Dollar,4932858.46,US Dollar,Reinvestment,0
9/1/2022 0:18,1217,800151B40,1217,800151B40,17.37,US Dollar,17.37,US Dollar,Reinvestment,0
9/1/2022 0:10,11,80014BC40,11,80014BC40,41665.19,US Dollar,41665.19,US Dollar,Reinvestment,0
9/1/2022 0:13,20,80014F060,20,80014F060,3994.6,US Dollar,3994.6,US Dollar,Reinvestment,0
9/1/2022 0:09,1231,80014FB60,1231,80014FB60,32259.02,US Dollar,32259.02,US Dollar,Reinvestment,0
9/1/2022 0:24,1231,8001507B0,1231,8001507B0,4924.79,US Dollar,4924.79,US Dollar,Reinvestment,0
9/1/2022 0:29,1,800150CD0,1,800150CD0,4145.85,US Dollar,4145.85,US Dollar,Reinvestment,0
9/1/2022 0:16,1217,800152270,1217,800152270,1696.88,US Dollar,1696.88,US Dollar,Reinvestment,0
9/1/2022 0:03,3209,8001524A0,3209,8001524A0,36831.03,US Dollar,36831.03,US Dollar,Reinvestment,0
9/1/2022 0:14,1,80014BCE0,162822,81796A8B0,140.16,US Dollar,140.16,US Dollar,Credit Card,0
9/1/2022 0:29,20,80014C240,113213,8063E8F00,99.83,US Dollar,99.83,US Dollar,Credit Card,0
9/1/2022 0:13,20,80014F060,20,80014F060,18.78,US Dollar,18.78,US Dollar,Reinvestment,0
9/1/2022 0:28,1217,80014FBB0,1217,80014FBB0,7.13,US Dollar,7.13,US Dollar,Reinvestment,0
9/1/2022 0:13,1217,800153F80,1217,800153F80,11331.19,US Dollar,11331.19,US Dollar,Reinvestment,0
9/1/2022 0:15,20,80005A340,11,800153F30,12733.24,US Dollar,12733.24,US Dollar,Cheque,0
9/1/2022 0:23,20,80005A340,11,800153F30,2963.63,US Dollar,2963.63,US Dollar,Credit Card,0
9/1/2022 0:06,20,80005A340,11,800153F30,538.9,US Dollar,538.9,US Dollar,Cash,0
9/1/2022 0:04,20,80005A340,11,800153F30,87.54,US Dollar,87.54,US Dollar,ACH,0
9/1/2022 0:29,224,800154370,224,800154370,24.5,US Dollar,24.5,US Dollar,Reinvestment,0
9/1/2022 0:12,1217,8.00E+95,1217,8.00E+95,47852.43,US Dollar,47852.43,US Dollar,Reinvestment,0
9/1/2022 0:22,12,80013D3E0,1217,8.00E+95,14412.91,US Dollar,14412.91,US Dollar,Cheque,0
9/1/2022 0:01,12,80013D3E0,1217,8.00E+95,7040.67,US Dollar,7040.67,US Dollar,Credit Card,0
9/1/2022 0:07,12,80013D3E0,1217,8.00E+95,158.56,US Dollar,158.56,US Dollar,Cash,0
9/1/2022 0:04,224,8001554D0,224,8001554D0,7889.44,US Dollar,7889.44,US Dollar,Reinvestment,0
9/1/2022 0:22,3245,80013A7B0,1,8001378C0,23643.27,US Dollar,23643.27,US Dollar,ACH,0
9/1/2022 0:05,20,80014A850,20,80014A850,2738.86,US Dollar,2738.86,US Dollar,Reinvestment,0
9/1/2022 0:23,3209,80014AAD0,3209,80014AAD0,3311.15,US Dollar,3311.15,US Dollar,Reinvestment,0
9/1/2022 0:27,3258,800153AC0,3258,800153AC0,2797.66,US Dollar,2797.66,US Dollar,Reinvestment,0
9/1/2022 0:27,224,8.00E+06,224,8.00E+06,122.74,US Dollar,122.74,US Dollar,Reinvestment,0
9/1/2022 0:09,3252,800154920,3252,800154920,20546.69,US Dollar,20546.69,US Dollar,Reinvestment,0
9/1/2022 0:17,12,800154970,12,800154970,3419.55,US Dollar,3419.55,US Dollar,Reinvestment,0
9/1/2022 0:03,1231,800154BF0,1231,800154BF0,545.55,US Dollar,545.55,US Dollar,Reinvestment,0
9/1/2022 0:18,3235,800155720,3235,800155720,658.22,US Dollar,658.22,US Dollar,Reinvestment,0
9/1/2022 0:10,20,80013A8F0,20,80013A8F0,18.01,US Dollar,18.01,US Dollar,Reinvestment,0
9/1/2022 0:16,20,80013AD80,226624,80ADDEA90,5.35,US Dollar,5.35,US Dollar,Credit Card,0
9/1/2022 0:19,20,80014AE90,20,80014AE90,15.59,US Dollar,15.59,US Dollar,Reinvestment,0
9/1/2022 0:12,224,8.00E+06,224,8.00E+06,13.36,US Dollar,13.36,US Dollar,Reinvestment,0
9/1/2022 0:23,1231,800157000,1231,800157000,2062.64,US Dollar,2062.64,US Dollar,Reinvestment,0
9/1/2022 0:08,1217,800157140,1217,800157140,9796.65,US Dollar,9796.65,US Dollar,Reinvestment,0
9/1/2022 0:09,1231,8.00E+06,1231,8.00E+06,3049.23,US Dollar,3049.23,US Dollar,Reinvestment,0
9/1/2022 0:18,1231,800157000,1231,800157000,12.74,US Dollar,12.74,US Dollar,Reinvestment,0
9/1/2022 0:25,20,800157050,20,800157050,18.1,US Dollar,18.1,US Dollar,Reinvestment,0
9/1/2022 0:26,1217,800157140,1217,800157140,6.71,US Dollar,6.71,US Dollar,Reinvestment,0
9/1/2022 0:10,20,800157910,1231,8001578C0,3913818,US Dollar,3913818,US Dollar,ACH,0
9/1/2022 0:10,11,800136600,11,800136600,6.59,US Dollar,6.59,US Dollar,Reinvestment,0
9/1/2022 0:12,1231,8001578C0,223057,80D9FB240,30.33,US Dollar,30.33,US Dollar,Credit Card,0
9/1/2022 0:16,1,800159AD0,1,800159AD0,64174.53,US Dollar,64174.53,US Dollar,Reinvestment,0
9/1/2022 0:10,20,80015A0A0,20,80015A0A0,22348.77,US Dollar,22348.77,US Dollar,Reinvestment,0
9/1/2022 0:16,1,80010FA00,20,80015A0A0,107064.45,US Dollar,107064.45,US Dollar,Cheque,0
9/1/2022 0:17,1,80010FA00,20,80015A0A0,19156.32,US Dollar,19156.32,US Dollar,Credit Card,0
9/1/2022 0:13,1,80010FA00,20,80015A0A0,357832.49,US Dollar,357832.49,US Dollar,Cash,0
9/1/2022 0:03,1,80010FA00,20,80015A0A0,28937.63,US Dollar,28937.63,US Dollar,ACH,0
9/1/2022 0:07,1231,80015AB30,1231,80015AB30,43939.3,US Dollar,43939.3,US Dollar,Reinvestment,0
9/1/2022 0:17,20,800110060,20,800110060,23.32,US Dollar,23.32,US Dollar,Reinvestment,0
9/1/2022 0:06,20,80015B9D0,20,80015B9D0,362789.86,US Dollar,362789.86,US Dollar,Reinvestment,0
9/1/2022 0:06,12,8001596C0,12,8001596C0,5543.61,US Dollar,5543.61,US Dollar,Reinvestment,0
9/1/2022 0:23,12,800159710,12,800159710,3730.41,US Dollar,3730.41,US Dollar,Reinvestment,0
9/1/2022 0:11,1217,80015A3B0,1217,80015A3B0,212.52,US Dollar,212.52,US Dollar,Reinvestment,0
9/1/2022 0:00,20,8001595D0,20,8001595D0,6.02,US Dollar,6.02,US Dollar,Reinvestment,0
9/1/2022 0:28,20,8.00E+06,20,8.00E+06,16.8,US Dollar,16.8,US Dollar,Reinvestment,0
9/1/2022 0:20,11,80015A6D0,11,80015A6D0,24.68,US Dollar,24.68,US Dollar,Reinvestment,0
9/1/2022 0:27,1217,800159170,1217,800159170,122600.45,US Dollar,122600.45,US Dollar,Reinvestment,0
9/1/2022 0:21,1,8001591C0,1,8001591C0,22.08,US Dollar,22.08,US Dollar,Reinvestment,0
9/1/2022 0:04,1231,80015C9F0,1231,80015C9F0,1294876.87,US Dollar,1294876.87,US Dollar,Reinvestment,0
9/1/2022 0:22,20,800043DA0,1231,80015C9F0,8354.01,US Dollar,8354.01,US Dollar,Cheque,0
9/1/2022 0:13,20,800043DA0,1231,80015C9F0,12899.84,US Dollar,12899.84,US Dollar,Credit Card,0
9/1/2022 0:15,20,800043DA0,1231,80015C9F0,8856.69,US Dollar,8856.69,US Dollar,Cash,0
9/1/2022 0:05,224,80015E880,224,80015E880,20.75,US Dollar,20.75,US Dollar,Reinvestment,0
9/1/2022 0:02,20,80015EFB0,20,80015EFB0,5.55,US Dollar,5.55,US Dollar,Reinvestment,0
9/1/2022 0:24,1,80015FCE0,1,80015FCE0,335784.91,US Dollar,335784.91,US Dollar,Reinvestment,0
9/1/2022 0:24,20,800160280,20,800160280,5923.11,US Dollar,5923.11,US Dollar,Reinvestment,0
9/1/2022 0:22,20,8001608A0,20,8001608A0,23.66,US Dollar,23.66,US Dollar,Reinvestment,0
9/1/2022 0:15,20,8.00E+06,1,800161620,833.56,US Dollar,833.56,US Dollar,Cheque,0
9/1/2022 0:13,20,8.00E+06,1,800161620,1726.29,US Dollar,1726.29,US Dollar,Credit Card,0
9/1/2022 0:13,11,8.00E+45,11,8.00E+45,4283.86,US Dollar,4283.86,US Dollar,Reinvestment,0
9/1/2022 0:18,12,8.00E+75,12,8.00E+75,2592836.13,US Dollar,2592836.13,US Dollar,Reinvestment,0
9/1/2022 0:06,1,800161140,1,800161140,850.71,US Dollar,850.71,US Dollar,Reinvestment,0
9/1/2022 0:12,1,800161140,1,800161140,10.2,US Dollar,10.2,US Dollar,Reinvestment,0
9/1/2022 0:08,20,800161370,20,800161370,5.57,US Dollar,5.57,US Dollar,Reinvestment,0
9/1/2022 0:14,1291,800162820,1291,800162820,111584.95,US Dollar,111584.95,US Dollar,Reinvestment,0
9/1/2022 0:24,20,8001643F0,20,8001643F0,101544.24,US Dollar,101544.24,US Dollar,Reinvestment,0
9/1/2022 0:28,224,80015F740,224,80015F740,9431.19,US Dollar,9431.19,US Dollar,Reinvestment,0
9/1/2022 0:06,224,8.00E+55,224,8.00E+55,2975.7,US Dollar,2975.7,US Dollar,Reinvestment,0
9/1/2022 0:28,1231,800162EA0,1231,800162EA0,6997.86,US Dollar,6997.86,US Dollar,Reinvestment,0
9/1/2022 0:29,3208,800164780,3208,800164780,805.5,US Dollar,805.5,US Dollar,Reinvestment,0
9/1/2022 0:07,1,8001649A0,1,8001649A0,33231.87,US Dollar,33231.87,US Dollar,Reinvestment,0
9/1/2022 0:19,12,80015E0E0,114954,80B6D3F70,2.01,US Dollar,2.01,US Dollar,Credit Card,0
9/1/2022 0:17,20,80015F7E0,20,80015F7E0,5.64,US Dollar,5.64,US Dollar,Reinvestment,0
9/1/2022 0:06,20,80015FA50,20,80015FA50,4.38,US Dollar,4.38,US Dollar,Reinvestment,0
9/1/2022 0:18,224,8.00E+55,224,8.00E+55,15.22,US Dollar,15.22,US Dollar,Reinvestment,0
9/1/2022 0:16,1231,800162EA0,1231,800162EA0,9.45,US Dollar,9.45,US Dollar,Reinvestment,0
9/1/2022 0:15,1,800163C40,148288,81527DA70,134.32,US Dollar,134.32,US Dollar,Credit Card,0
9/1/2022 0:03,1291,800166340,1291,800166340,72839.67,US Dollar,72839.67,US Dollar,Reinvestment,0
9/1/2022 0:19,224,800123C30,224,800123C30,36306.62,US Dollar,36306.62,US Dollar,Reinvestment,0
9/1/2022 0:08,20,8.00E+25,20,8.00E+25,4795.52,US Dollar,4795.52,US Dollar,Reinvestment,0
9/1/2022 0:06,12,800134CA0,12,800134CA0,5994.78,US Dollar,5994.78,US Dollar,Reinvestment,0
9/1/2022 0:23,3252,800135650,3252,800135650,2764.63,US Dollar,2764.63,US Dollar,Reinvestment,0
9/1/2022 0:25,20,800135820,20,800135820,190.89,US Dollar,190.89,US Dollar,Reinvestment,0
9/1/2022 0:11,1231,800157ED0,1231,800157ED0,618.58,US Dollar,618.58,US Dollar,Reinvestment,0
9/1/2022 0:09,1231,8.00E+06,1231,8.00E+06,1789.56,US Dollar,1789.56,US Dollar,Reinvestment,0
9/1/2022 0:18,12,800166100,12,800166100,92644.88,US Dollar,92644.88,US Dollar,Reinvestment,0
9/1/2022 0:26,12,8001240D0,12,8001240D0,9.25,US Dollar,9.25,US Dollar,Reinvestment,0
9/1/2022 0:19,12,800134CA0,12,800134CA0,17.58,US Dollar,17.58,US Dollar,Reinvestment,0
9/1/2022 0:02,20,800135820,20,800135820,7.03,US Dollar,7.03,US Dollar,Reinvestment,0
9/1/2022 0:18,1231,800135870,1231,800135870,4.78,US Dollar,4.78,US Dollar,Reinvestment,0
9/1/2022 0:01,1231,8.00E+85,210700,809DEDD20,15.9,US Dollar,15.9,US Dollar,Credit Card,0
9/1/2022 0:24,12,800166100,12,800166100,20.93,US Dollar,20.93,US Dollar,Reinvestment,0
9/1/2022 0:00,20,8001685D0,20,8001685D0,17.07,US Dollar,17.07,US Dollar,Reinvestment,0
9/1/2022 0:26,11,800168BC0,11,800168BC0,2361.1,US Dollar,2361.1,US Dollar,Reinvestment,0
9/1/2022 0:12,20,800169BE0,20,800169BE0,556791.12,US Dollar,556791.12,US Dollar,Reinvestment,0
9/1/2022 0:28,1,80016A050,1,80016A050,252131.39,US Dollar,252131.39,US Dollar,Reinvestment,0
9/1/2022 0:15,20,80016A780,20,80016A780,345.65,US Dollar,345.65,US Dollar,Reinvestment,0
9/1/2022 0:28,20,8001696B0,20,8001696B0,13701811.44,US Dollar,13701811.44,US Dollar,Reinvestment,0
9/1/2022 0:17,20,80016ABC0,20,80016ABC0,1970.89,US Dollar,1970.89,US Dollar,Reinvestment,0
9/1/2022 0:24,3245,80016AD50,11,800169930,8323.55,US Dollar,8323.55,US Dollar,Cheque,0
9/1/2022 0:00,224,80016B550,224,80016B550,11387.61,US Dollar,11387.61,US Dollar,Reinvestment,0
9/1/2022 0:13,1,800169890,228752,80B46C8D0,6.85,US Dollar,6.85,US Dollar,Credit Card,0
9/1/2022 0:06,3263,80016C520,3263,80016C520,442.36,US Dollar,442.36,US Dollar,Reinvestment,0
9/1/2022 0:23,11,800169320,11,800169320,722804.03,US Dollar,722804.03,US Dollar,Reinvestment,0
9/1/2022 0:18,1,80016C830,1,80016C830,14925.9,US Dollar,14925.9,US Dollar,Reinvestment,0
9/1/2022 0:06,20,80016D940,20,80016D940,6.97,US Dollar,6.97,US Dollar,Reinvestment,0
9/1/2022 0:11,1231,8001708D0,1231,8001708D0,7.09,US Dollar,7.09,US Dollar,Reinvestment,0
9/1/2022 0:14,11,8000FA930,11,800170CB0,600096.08,US Dollar,600096.08,US Dollar,Cheque,0
9/1/2022 0:28,11,8000FA930,11,800170CB0,28231.31,US Dollar,28231.31,US Dollar,Credit Card,0
9/1/2022 0:03,11,8000FA930,11,800170CB0,31972.56,US Dollar,31972.56,US Dollar,ACH,0
9/1/2022 0:05,11,8001704D0,11,8001704D0,7085.32,US Dollar,7085.32,US Dollar,Reinvestment,0
9/1/2022 0:28,1231,800170AC0,1231,800170AC0,9427.65,US Dollar,9427.65,US Dollar,Reinvestment,0
9/1/2022 0:03,1291,800170340,1291,800170340,13.4,US Dollar,13.4,US Dollar,Reinvestment,0
9/1/2022 0:01,12,800115B90,20,8001719A0,16601.29,US Dollar,16601.29,US Dollar,Cheque,0
9/1/2022 0:14,12,800115B90,20,8001719A0,9071.46,US Dollar,9071.46,US Dollar,Credit Card,0
9/1/2022 0:19,1291,80016F9A0,1291,80016F9A0,8248.39,US Dollar,8248.39,US Dollar,Reinvestment,0
9/1/2022 0:21,3278,800171BF0,3278,800171BF0,38642.58,US Dollar,38642.58,US Dollar,Reinvestment,0
9/1/2022 0:19,1217,800171C40,1217,800171C40,10718.94,US Dollar,10718.94,US Dollar,Reinvestment,0
9/1/2022 0:19,224,80016F860,224,80016F860,20.34,US Dollar,20.34,US Dollar,Reinvestment,0
9/1/2022 0:03,1291,80016F9A0,1291,80016F9A0,15.53,US Dollar,15.53,US Dollar,Reinvestment,0
9/1/2022 0:15,1,80016F9F0,1439,8.02E+75,37.62,US Dollar,37.62,US Dollar,Credit Card,0
9/1/2022 0:20,1231,800172950,1231,800172950,100475.67,US Dollar,100475.67,US Dollar,Reinvestment,0
9/1/2022 0:08,20,800173570,20,800173570,16.38,US Dollar,16.38,US Dollar,Reinvestment,0
9/1/2022 0:23,20,800173CC0,20,800173CC0,189.23,US Dollar,189.23,US Dollar,Reinvestment,0
9/1/2022 0:13,12,800173C20,12,800173C20,18.28,US Dollar,18.28,US Dollar,Reinvestment,0
9/1/2022 0:11,12,8001744F0,12,8001744F0,16.32,US Dollar,16.32,US Dollar,Reinvestment,0
9/1/2022 0:14,1291,8.00E+06,1291,8.00E+06,69951.62,US Dollar,69951.62,US Dollar,Reinvestment,0
9/1/2022 0:27,1291,8.00E+06,1291,8.00E+06,10.02,US Dollar,10.02,US Dollar,Reinvestment,0
9/1/2022 0:24,11,800174F90,11,800174F90,5138.45,US Dollar,5138.45,US Dollar,Reinvestment,0
9/1/2022 0:19,3245,800175080,3245,800175080,10061.1,US Dollar,10061.1,US Dollar,Reinvestment,0
9/1/2022 0:25,3290,800175210,11,800174F90,13845.55,US Dollar,13845.55,US Dollar,Wire,0
9/1/2022 0:27,1217,800177AC0,1217,800177AC0,4923.28,US Dollar,4923.28,US Dollar,Reinvestment,0
9/1/2022 0:11,11,8001776D0,11,8001776D0,1080892.14,US Dollar,1080892.14,US Dollar,Reinvestment,0
9/1/2022 0:23,20,800177720,20,800177720,45036.18,US Dollar,45036.18,US Dollar,Reinvestment,0
9/1/2022 0:24,20,800178120,20,800178120,169264.12,US Dollar,169264.12,US Dollar,Reinvestment,0
9/1/2022 0:05,1217,8001784C0,1217,8001784C0,14.26,US Dollar,14.26,US Dollar,Reinvestment,0
9/1/2022 0:06,224,800178B30,224,800178B30,24090.17,US Dollar,24090.17,US Dollar,Reinvestment,0
9/1/2022 0:23,12,8001788F0,12,8001788F0,19.83,US Dollar,19.83,US Dollar,Reinvestment,0
9/1/2022 0:25,1217,8001793F0,1217,8001793F0,9.37,US Dollar,9.37,US Dollar,Reinvestment,0
9/1/2022 0:21,1217,800179DF0,1217,800179DF0,3653729.14,US Dollar,3653729.14,US Dollar,Reinvestment,0
9/1/2022 0:08,1,80017A190,1,80017A190,8130.33,US Dollar,8130.33,US Dollar,Reinvestment,0
9/1/2022 0:28,20,80017A020,10416,80CAD1270,6.7,US Dollar,6.7,US Dollar,Credit Card,0
9/1/2022 0:07,1231,800179A90,1231,800179A90,177735.6,US Dollar,177735.6,US Dollar,Reinvestment,0
9/1/2022 0:29,1231,800179B80,1231,800179B80,52827.8,US Dollar,52827.8,US Dollar,Reinvestment,0
9/1/2022 0:14,11,80017AAE0,11,80017AAE0,54322.22,US Dollar,54322.22,US Dollar,Reinvestment,0
9/1/2022 0:16,20,800179890,20,800179890,13.5,US Dollar,13.5,US Dollar,Reinvestment,0
9/1/2022 0:15,224,80016CD90,224,80016CD90,2262.81,US Dollar,2262.81,US Dollar,Reinvestment,0
9/1/2022 0:05,1291,80016D220,1291,80016D220,1584.66,US Dollar,1584.66,US Dollar,Reinvestment,0
9/1/2022 0:11,1,8.00E+06,1,8.00E+06,2291.49,US Dollar,2291.49,US Dollar,Reinvestment,0
9/1/2022 0:01,1231,800174CB0,1231,800174CB0,373792.19,US Dollar,373792.19,US Dollar,Reinvestment,0
9/1/2022 0:14,3273,80017B0D0,3273,80017B0D0,908.1,US Dollar,908.1,US Dollar,Reinvestment,0
9/1/2022 0:13,1,800121280,22129,80452AB90,37.27,US Dollar,37.27,US Dollar,Credit Card,0
9/1/2022 0:11,1,80016CCF0,1,80016CCF0,7.37,US Dollar,7.37,US Dollar,Reinvestment,0
9/1/2022 0:26,1291,80016D220,1291,80016D220,3.85,US Dollar,3.85,US Dollar,Reinvestment,0
9/1/2022 0:01,20,80016F460,20,80016F460,7.23,US Dollar,7.23,US Dollar,Reinvestment,0
9/1/2022 0:24,1231,8001738D0,1231,8001738D0,14.47,US Dollar,14.47,US Dollar,Reinvestment,0
9/1/2022 0:17,1231,800174C60,1231,800174C60,7.46,US Dollar,7.46,US Dollar,Reinvestment,0
9/1/2022 0:02,1291,80017AF40,1291,80017AF40,22,US Dollar,22,US Dollar,Reinvestment,0
9/1/2022 0:05,20,80017AF90,20,80017AF90,10.85,US Dollar,10.85,US Dollar,Reinvestment,0
9/1/2022 0:05,224,800114030,224,800114030,43570.13,US Dollar,43570.13,US Dollar,Reinvestment,0
9/1/2022 0:08,20,8.00E+55,224,800114030,37679.68,US Dollar,37679.68,US Dollar,Cash,0
9/1/2022 0:21,20,8.00E+55,224,800114030,69342.95,US Dollar,69342.95,US Dollar,Wire,0
9/1/2022 0:03,1231,800180670,1231,800180670,4144260.78,US Dollar,4144260.78,US Dollar,Reinvestment,0
9/1/2022 0:27,3200,8.00E+06,3200,8.00E+06,8.42,US Dollar,8.42,US Dollar,Reinvestment,0
9/1/2022 0:08,11,8000ED820,1231,800180670,448779.14,US Dollar,448779.14,US Dollar,Cheque,0
9/1/2022 0:17,11,8000ED820,1231,800180670,2248.61,US Dollar,2248.61,US Dollar,Credit Card,0
9/1/2022 0:25,11,8000ED820,1231,800180670,200289.36,US Dollar,200289.36,US Dollar,Cash,0
9/1/2022 0:18,11,8000ED820,1231,800180670,124091.92,US Dollar,124091.92,US Dollar,ACH,0
9/1/2022 0:08,11,8000ED820,1231,800180670,16800.67,US Dollar,16800.67,US Dollar,Wire,0
9/1/2022 0:11,1231,8001816D0,1231,8001816D0,1782869.27,US Dollar,1782869.27,US Dollar,Reinvestment,0
9/1/2022 0:07,20,800180370,20,800180370,1185403.01,US Dollar,1185403.01,US Dollar,Reinvestment,0
9/1/2022 0:14,20,800180370,1217,8001813F0,5574372.63,US Dollar,5574372.63,US Dollar,ACH,0
9/1/2022 0:11,224,8.00E+06,224,8.00E+06,25082.23,US Dollar,25082.23,US Dollar,Reinvestment,0
9/1/2022 0:14,1217,8001813F0,349,800914EA0,48.63,US Dollar,48.63,US Dollar,Credit Card,0
9/1/2022 0:22,1291,800181970,22435,805FB0930,18.67,US Dollar,18.67,US Dollar,Credit Card,0
9/1/2022 0:08,20,8001685D0,11,8001800C0,22464.72,US Dollar,22464.72,US Dollar,Cheque,0
9/1/2022 0:17,1,800182720,1,800182720,21.34,US Dollar,21.34,US Dollar,Reinvestment,0
9/1/2022 0:13,70,10042B660,20,800183110,1190.81,US Dollar,1190.81,US Dollar,Cheque,0
9/1/2022 0:20,70,10042B660,20,800183110,5422.57,US Dollar,5422.57,US Dollar,Credit Card,0
9/1/2022 0:28,20,800183110,20,800183110,20.06,US Dollar,20.06,US Dollar,Reinvestment,0
9/1/2022 0:18,20,8000581F0,1,800183FE0,39073.9,US Dollar,39073.9,US Dollar,Cheque,0
9/1/2022 0:17,20,8000581F0,1,800183FE0,9820.21,US Dollar,9820.21,US Dollar,Credit Card,0
9/1/2022 0:09,3266,80017CBE0,3266,80017CBE0,17501.48,US Dollar,17501.48,US Dollar,Reinvestment,0
9/1/2022 0:16,3200,80017DCF0,3200,80017DCF0,1237.78,US Dollar,1237.78,US Dollar,Reinvestment,0
9/1/2022 0:28,1,80010CD00,1,80010CD00,9.86,US Dollar,9.86,US Dollar,Reinvestment,0
9/1/2022 0:20,224,80010EE50,22661,8047EF1B0,66.45,US Dollar,66.45,US Dollar,Credit Card,0
9/1/2022 0:13,11,800186390,11,800186390,6945.38,US Dollar,6945.38,US Dollar,Reinvestment,0
9/1/2022 0:10,11,800186390,11,800186390,17.34,US Dollar,17.34,US Dollar,Reinvestment,0
9/1/2022 0:08,11,800186A30,11,800186A30,237468.36,US Dollar,237468.36,US Dollar,Reinvestment,0
9/1/2022 0:17,11,800185770,11,800185770,8285.33,US Dollar,8285.33,US Dollar,Reinvestment,0
9/1/2022 0:13,12,8001867F0,12,8001867F0,654,US Dollar,654,US Dollar,Reinvestment,0
9/1/2022 0:08,12,800186F10,12,800186F10,9.92,US Dollar,9.92,US Dollar,Reinvestment,0
9/1/2022 0:21,11,8001875D0,11,8001875D0,2905200.25,US Dollar,2905200.25,US Dollar,Reinvestment,0
9/1/2022 0:09,11,800187A60,11,800187A60,7179.36,US Dollar,7179.36,US Dollar,Reinvestment,0
9/1/2022 0:08,1,800112570,1,800112570,14072.88,US Dollar,14072.88,US Dollar,Reinvestment,0
9/1/2022 0:19,20,800189450,20,800189450,166634.61,US Dollar,166634.61,US Dollar,Reinvestment,0
9/1/2022 0:18,3290,8001894F0,20,800189450,1541.27,US Dollar,1541.27,US Dollar,ACH,0
9/1/2022 0:24,20,800189890,20,800189890,2785593.48,US Dollar,2785593.48,US Dollar,Reinvestment,0
9/1/2022 0:11,1,800135360,1217,8001125C0,1505832.6,US Dollar,1505832.6,US Dollar,Cheque,0
9/1/2022 0:26,1,800135360,1217,8001125C0,15507.82,US Dollar,15507.82,US Dollar,Credit Card,0
9/1/2022 0:04,1,800135360,1217,8001125C0,203727.95,US Dollar,203727.95,US Dollar,Cash,0
9/1/2022 0:00,1,800135360,1217,8001125C0,550989.26,US Dollar,550989.26,US Dollar,ACH,0
9/1/2022 0:22,1,800135360,1217,8001125C0,415594.01,US Dollar,415594.01,US Dollar,Wire,0
9/1/2022 0:00,20,8001887C0,20,8001887C0,346801.43,US Dollar,346801.43,US Dollar,Reinvestment,0
9/1/2022 0:19,20,80018A190,20,80018A190,362690.52,US Dollar,362690.52,US Dollar,Reinvestment,0
9/1/2022 0:13,20,80018A190,20,80018A190,22.16,US Dollar,22.16,US Dollar,Reinvestment,0
9/1/2022 0:11,1217,80018AC80,1217,80018AC80,66936.27,US Dollar,66936.27,US Dollar,Reinvestment,0
9/1/2022 0:00,1217,80018B2E0,1217,80018B2E0,24.65,US Dollar,24.65,US Dollar,Reinvestment,0
9/1/2022 0:04,12,80018B720,12,80018B720,3313612.95,US Dollar,3313612.95,US Dollar,Reinvestment,0
9/1/2022 0:16,12,80018B720,12,80018B720,21.92,US Dollar,21.92,US Dollar,Reinvestment,0
9/1/2022 0:15,20,80018C4A0,20,80018C4A0,671443.16,US Dollar,671443.16,US Dollar,Reinvestment,0
9/1/2022 0:23,11,80018C830,11,80018C830,267.69,US Dollar,267.69,US Dollar,Reinvestment,0
9/1/2022 0:16,224,80018CB10,224,80018CB10,53794.01,US Dollar,53794.01,US Dollar,Reinvestment,0
9/1/2022 0:02,70,10042B660,1231,80018A810,9725.97,US Dollar,9725.97,US Dollar,Cheque,0
9/1/2022 0:06,70,10042B660,1231,80018A810,10895.97,US Dollar,10895.97,US Dollar,Credit Card,0
9/1/2022 0:22,70,10042B660,1231,80018A810,7984.69,US Dollar,7984.69,US Dollar,Cash,0
9/1/2022 0:08,224,80018CB10,224,80018CB10,3.58,US Dollar,3.58,US Dollar,Reinvestment,0
9/1/2022 0:10,1217,80018D4A0,1217,80018D4A0,5001678.66,US Dollar,5001678.66,US Dollar,Reinvestment,0
9/1/2022 0:10,20,80018DBF0,20,80018DBF0,24.68,US Dollar,24.68,US Dollar,Reinvestment,0
9/1/2022 0:18,11,80018E610,11,80018E610,1165.09,US Dollar,1165.09,US Dollar,Reinvestment,0
9/1/2022 0:01,1,80018FAF0,1,80018FAF0,18.15,US Dollar,18.15,US Dollar,Reinvestment,0
9/1/2022 0:24,224,800114030,11,800191640,48790.03,US Dollar,48790.03,US Dollar,Cheque,0
9/1/2022 0:23,224,800114030,11,800191640,4226.7,US Dollar,4226.7,US Dollar,ACH,0
9/1/2022 0:20,11,800191640,11,800191640,18.71,US Dollar,18.71,US Dollar,Reinvestment,0
9/1/2022 0:00,224,800191BC0,224,800191BC0,16962.69,US Dollar,16962.69,US Dollar,Reinvestment,0
9/1/2022 0:16,20,800192300,20,800192300,3.51,US Dollar,3.51,US Dollar,Reinvestment,0
9/1/2022 0:03,70,10042B660,224,800192930,78982.61,US Dollar,78982.61,US Dollar,Cheque,0
9/1/2022 0:27,20,800193160,20,800193160,103467.32,US Dollar,103467.32,US Dollar,Reinvestment,0
9/1/2022 0:02,1231,8001938C0,1231,8001938C0,39235.57,US Dollar,39235.57,US Dollar,Reinvestment,0
9/1/2022 0:18,1217,800194B60,1217,800194B60,234464.03,US Dollar,234464.03,US Dollar,Reinvestment,0
9/1/2022 0:11,224,800195010,224,800195010,138915.89,US Dollar,138915.89,US Dollar,Reinvestment,0
9/1/2022 0:16,3264,800195980,3264,800195980,21,US Dollar,21,US Dollar,Reinvestment,0
9/1/2022 0:08,1217,800194B60,1217,800194B60,5.66,US Dollar,5.66,US Dollar,Reinvestment,0
9/1/2022 0:16,12,800194C00,12,800194C00,9.89,US Dollar,9.89,US Dollar,Reinvestment,0
9/1/2022 0:14,12,800194DE0,27155,804397DC0,4.49,US Dollar,4.49,US Dollar,Credit Card,0
9/1/2022 0:28,1231,800196940,1231,800196940,13004141.25,US Dollar,13004141.25,US Dollar,Reinvestment,0
9/1/2022 0:05,20,800139570,11,8.00E+06,8423.33,US Dollar,8423.33,US Dollar,Cheque,0
9/1/2022 0:09,20,800139570,11,8.00E+06,4480.42,US Dollar,4480.42,US Dollar,Credit Card,0
9/1/2022 0:15,20,800139570,11,8.00E+06,661.64,US Dollar,661.64,US Dollar,ACH,0
9/1/2022 0:04,20,800139570,11,8.00E+06,1225.75,US Dollar,1225.75,US Dollar,Wire,0
9/1/2022 0:10,1291,8.00E+06,1291,8.00E+06,625.5,US Dollar,625.5,US Dollar,Reinvestment,0
9/1/2022 0:10,12,8001976D0,12,8001976D0,11.54,US Dollar,11.54,US Dollar,Reinvestment,0
9/1/2022 0:02,20,8001977C0,28102,805CBDFD0,437.71,US Dollar,437.71,US Dollar,Credit Card,0
9/1/2022 0:16,11,8.00E+25,11,8.00E+25,588.67,US Dollar,588.67,US Dollar,Reinvestment,0
9/1/2022 0:17,20,8.00E+75,20,8.00E+75,7582.15,US Dollar,7582.15,US Dollar,Reinvestment,0
9/1/2022 0:03,11,8.00E+25,11,8.00E+25,24.94,US Dollar,24.94,US Dollar,Reinvestment,0
9/1/2022 0:00,12,800198630,12,800198630,9.16,US Dollar,9.16,US Dollar,Reinvestment,0
9/1/2022 0:20,3288,800194510,20,800196480,1803.47,US Dollar,1803.47,US Dollar,ACH,0
9/1/2022 0:01,20,800196480,20,800196480,15689.7,US Dollar,15689.7,US Dollar,Reinvestment,0
9/1/2022 0:16,3252,8001988A0,3252,8001988A0,16311.03,US Dollar,16311.03,US Dollar,Reinvestment,0
9/1/2022 0:16,11,800199CC0,11,800199CC0,2587.75,US Dollar,2587.75,US Dollar,Reinvestment,0
9/1/2022 0:11,1,8001A0FF0,1,8001A0FF0,678752.68,US Dollar,678752.68,US Dollar,Reinvestment,0
9/1/2022 0:04,1,8001A0FF0,1,8001A0FF0,4.52,US Dollar,4.52,US Dollar,Reinvestment,0
9/1/2022 0:02,1231,800182310,20,8001B9370,34590.68,US Dollar,34590.68,US Dollar,Cheque,0
9/1/2022 0:20,1231,800182310,20,8001B9370,3256.4,US Dollar,3256.4,US Dollar,ACH,0
9/1/2022 0:23,1231,800182310,20,8001B9370,7.28,US Dollar,7.28,US Dollar,Wire,0
9/1/2022 0:22,20,8001BF780,20,8001BF780,6.36,US Dollar,6.36,US Dollar,Reinvestment,0
9/1/2022 0:21,20,8001BFBB0,20,8001BFBB0,22986.68,US Dollar,22986.68,US Dollar,Reinvestment,0
9/1/2022 0:00,20,8001BFBB0,20,8001BFBB0,22.64,US Dollar,22.64,US Dollar,Reinvestment,0
9/1/2022 0:06,20,8001C1CB0,20,8001C1CB0,155618.07,US Dollar,155618.07,US Dollar,Reinvestment,0
9/1/2022 0:17,1231,8001C20D0,1231,8001C20D0,72053.9,US Dollar,72053.9,US Dollar,Reinvestment,0
9/1/2022 0:06,224,800107510,1231,8001C20D0,147442124.4,US Dollar,147442124.4,US Dollar,Cheque,0
9/1/2022 0:17,224,800107510,1231,8001C20D0,26183.39,US Dollar,26183.39,US Dollar,Credit Card,0
9/1/2022 0:18,224,800107510,1231,8001C20D0,736307822.4,US Dollar,736307822.4,US Dollar,Cash,0
9/1/2022 0:24,1,8001C2120,1,8001C2120,17.77,US Dollar,17.77,US Dollar,Reinvestment,0
9/1/2022 0:08,20,8001C2EA0,20,8001C2EA0,338389.73,US Dollar,338389.73,US Dollar,Reinvestment,0
9/1/2022 0:15,20,8001C2EA0,20,8001C2EA0,12.72,US Dollar,12.72,US Dollar,Reinvestment,0
9/1/2022 0:22,1231,8001C2A40,1231,8001C2A40,62379.18,US Dollar,62379.18,US Dollar,Reinvestment,0
9/1/2022 0:24,1,8001C2CB0,1,8001C2CB0,587.31,US Dollar,587.31,US Dollar,Reinvestment,0
9/1/2022 0:19,1217,8001C3C30,1217,8001C3C30,390177.39,US Dollar,390177.39,US Dollar,Reinvestment,0
9/1/2022 0:17,1,80015FCE0,11,8001C3EB0,55708.3,US Dollar,55708.3,US Dollar,Cheque,0
9/1/2022 0:01,1,80015FCE0,11,8001C3EB0,8056.55,US Dollar,8056.55,US Dollar,Credit Card,0
9/1/2022 0:08,1,80015FCE0,11,8001C3EB0,77236.64,US Dollar,77236.64,US Dollar,Cash,0
9/1/2022 0:14,1,8001C8620,1,8001C8620,3132052.61,US Dollar,3132052.61,US Dollar,Reinvestment,0
9/1/2022 0:19,224,8001C8B30,224,8001C8B30,243283.32,US Dollar,243283.32,US Dollar,Reinvestment,0
9/1/2022 0:11,1291,80016CF80,1291,80016CF80,176260.01,US Dollar,176260.01,US Dollar,Reinvestment,0
9/1/2022 0:11,1231,8001CFA80,1231,8001CFA80,24.34,US Dollar,24.34,US Dollar,Reinvestment,0
9/1/2022 0:07,3266,8001CEA20,1291,8001CED40,9042.31,US Dollar,9042.31,US Dollar,ACH,0
9/1/2022 0:03,11,8001CECF0,11,8001CECF0,17849.91,US Dollar,17849.91,US Dollar,Reinvestment,0
9/1/2022 0:14,1217,8001CF010,1217,8001CF010,21707.08,US Dollar,21707.08,US Dollar,Reinvestment,0
9/1/2022 0:07,20,8001D0010,20,8001D0010,25.48,US Dollar,25.48,US Dollar,Reinvestment,0
9/1/2022 0:09,12,8001D07E0,12,8001D07E0,2266.17,US Dollar,2266.17,US Dollar,Reinvestment,0
9/1/2022 0:19,1231,8001C81F0,1217,80053DC80,90.25,US Dollar,90.25,US Dollar,Credit Card,0
9/1/2022 0:06,11,8001C8400,11,8001C8400,9.27,US Dollar,9.27,US Dollar,Reinvestment,0
9/1/2022 0:06,12,8001C88C0,12,8001C88C0,4.49,US Dollar,4.49,US Dollar,Reinvestment,0
9/1/2022 0:19,20,8001C9140,2368,803B85FA0,202.11,US Dollar,202.11,US Dollar,Credit Card,0
9/1/2022 0:07,11,8001CECF0,11,8001CECF0,23.43,US Dollar,23.43,US Dollar,Reinvestment,0
9/1/2022 0:02,1217,8001CF010,1217,8001CF010,15.54,US Dollar,15.54,US Dollar,Reinvestment,0
9/1/2022 0:23,20,8001D0010,20,8001D0010,20.96,US Dollar,20.96,US Dollar,Reinvestment,0
9/1/2022 0:03,11,8001D03C0,1639,806C15F60,5.14,US Dollar,5.14,US Dollar,Credit Card,0
9/1/2022 0:08,12,8001D07E0,12,8001D07E0,17.68,US Dollar,17.68,US Dollar,Reinvestment,0
9/1/2022 0:23,1217,8001C6DB0,1217,8001C6DB0,15.62,US Dollar,15.62,US Dollar,Reinvestment,0
9/1/2022 0:06,12,8001C7030,17831,80A3F69C0,24.62,US Dollar,24.62,US Dollar,Credit Card,0
9/1/2022 0:07,1291,8001D22D0,1291,8001D22D0,120132.43,US Dollar,120132.43,US Dollar,Reinvestment,0
9/1/2022 0:04,70,10042B660,1291,8001D22D0,72615,US Dollar,72615,US Dollar,Cheque,0
9/1/2022 0:00,70,10042B660,1291,8001D22D0,65520.7,US Dollar,65520.7,US Dollar,Cash,0
9/1/2022 0:20,1231,80019AFA0,1231,80019AFA0,2101.1,US Dollar,2101.1,US Dollar,Reinvestment,0
9/1/2022 0:12,3233,8001C26D0,1231,80019AFA0,4372.51,US Dollar,4372.51,US Dollar,ACH,0
9/1/2022 0:04,1231,8001C4580,1231,8001C4580,4513.39,US Dollar,4513.39,US Dollar,Reinvestment,0
9/1/2022 0:17,20,8001C4620,20,8001C4620,10564.17,US Dollar,10564.17,US Dollar,Reinvestment,0
9/1/2022 0:07,224,8001C5CB0,224,8001C5CB0,3826.28,US Dollar,3826.28,US Dollar,Reinvestment,0
9/1/2022 0:25,20,8001C6380,20,8001C6380,6141.17,US Dollar,6141.17,US Dollar,Reinvestment,0
9/1/2022 0:20,20,8001C6600,20,8001C6600,15170.68,US Dollar,15170.68,US Dollar,Reinvestment,0
9/1/2022 0:02,1,8001C69B0,1,8001C69B0,397.59,US Dollar,397.59,US Dollar,Reinvestment,0
9/1/2022 0:22,20,8001C6A00,20,8001C6A00,6270.08,US Dollar,6270.08,US Dollar,Reinvestment,0
9/1/2022 0:09,20,8001C4620,20,8001C4620,15.49,US Dollar,15.49,US Dollar,Reinvestment,0
9/1/2022 0:29,1217,8001C6420,1217,8001C6420,5.22,US Dollar,5.22,US Dollar,Reinvestment,0
9/1/2022 0:21,11,8001C66A0,11,8001C66A0,9.93,US Dollar,9.93,US Dollar,Reinvestment,0
9/1/2022 0:02,224,8001C68C0,224,8001C68C0,13.74,US Dollar,13.74,US Dollar,Reinvestment,0
9/1/2022 0:19,1291,8001D4310,1291,8001D4310,333287.23,US Dollar,333287.23,US Dollar,Reinvestment,0
9/1/2022 0:15,12,8001D5A20,12,8001D5A20,11.09,US Dollar,11.09,US Dollar,Reinvestment,0
9/1/2022 0:18,1231,8001D7200,1231,8001D7200,523753.21,US Dollar,523753.21,US Dollar,Reinvestment,0
9/1/2022 0:15,11,8001D7CE0,11,8001D7CE0,106945.3,US Dollar,106945.3,US Dollar,Reinvestment,0
9/1/2022 0:18,11,8001D8530,11,8001D8530,100289.22,US Dollar,100289.22,US Dollar,Reinvestment,0
9/1/2022 0:27,70,10042B660,1,8001D8BA0,81247.61,US Dollar,81247.61,US Dollar,Cheque,0
9/1/2022 0:28,1,8001D8BA0,1,8001D8BA0,9.96,US Dollar,9.96,US Dollar,Reinvestment,0
9/1/2022 0:13,1291,8001D6750,1291,8001D6750,18965.95,US Dollar,18965.95,US Dollar,Reinvestment,0
9/1/2022 0:10,1217,8001D67F0,1217,8001D67F0,10473.23,US Dollar,10473.23,US Dollar,Reinvestment,0
9/1/2022 0:28,20,8001D6D40,20,8001D6D40,10235.66,US Dollar,10235.66,US Dollar,Reinvestment,0
9/1/2022 0:28,1231,8001D6D90,1231,8001D6D90,23358.97,US Dollar,23358.97,US Dollar,Reinvestment,0
9/1/2022 0:18,1291,8001D7470,1291,8001D7470,1825.43,US Dollar,1825.43,US Dollar,Reinvestment,0
9/1/2022 0:01,1,8001D75B0,1,8001D75B0,3075.76,US Dollar,3075.76,US Dollar,Reinvestment,0
9/1/2022 0:19,3343,8001D76A0,3343,8001D76A0,872.52,US Dollar,872.52,US Dollar,Reinvestment,0
9/1/2022 0:26,224,8001D7EE0,224,8001D7EE0,5301.67,US Dollar,5301.67,US Dollar,Reinvestment,0
9/1/2022 0:12,3256,8001D7F30,3256,8001D7F30,410.68,US Dollar,410.68,US Dollar,Reinvestment,0
9/1/2022 0:28,20,8001D82F0,20,8001D82F0,4008.55,US Dollar,4008.55,US Dollar,Reinvestment,0
9/1/2022 0:25,1231,8001D4F70,1231,8001D4F70,24.73,US Dollar,24.73,US Dollar,Reinvestment,0
9/1/2022 0:02,20,8001D5C60,20,8001D5C60,11.84,US Dollar,11.84,US Dollar,Reinvestment,0
9/1/2022 0:17,1291,8001D6750,1291,8001D6750,23.92,US Dollar,23.92,US Dollar,Reinvestment,0
9/1/2022 0:25,12,80019A830,12,80019A830,16041.49,US Dollar,16041.49,US Dollar,Reinvestment,0
9/1/2022 0:00,11,8001D40D0,11,8001D40D0,4585.01,US Dollar,4585.01,US Dollar,Reinvestment,0
9/1/2022 0:22,1,8001D4560,1,8001D4560,6765.53,US Dollar,6765.53,US Dollar,Reinvestment,0
9/1/2022 0:14,1,8001D4560,1,8001D4560,10.17,US Dollar,10.17,US Dollar,Reinvestment,0
9/1/2022 0:02,20,8001D45B0,20,8001D45B0,13.26,US Dollar,13.26,US Dollar,Reinvestment,0
9/1/2022 0:21,12,8001DB710,12,8001DB710,280068.35,US Dollar,280068.35,US Dollar,Reinvestment,0
9/1/2022 0:28,224,8001DC0F0,224,8001DC0F0,18.21,US Dollar,18.21,US Dollar,Reinvestment,0
9/1/2022 0:07,20,800132C60,11,8001DC570,319.94,US Dollar,319.94,US Dollar,Cheque,0
9/1/2022 0:06,20,800132C60,11,8001DC570,149.9,US Dollar,149.9,US Dollar,Credit Card,0
9/1/2022 0:05,20,800132C60,11,8001DC570,47.77,US Dollar,47.77,US Dollar,ACH,0
9/1/2022 0:05,11,8001DD390,11,8001DD390,4.91,US Dollar,4.91,US Dollar,Reinvestment,0
9/1/2022 0:08,11,8001DD430,150020,8142A4320,5.97,US Dollar,5.97,US Dollar,Credit Card,0
9/1/2022 0:28,224,8001DBEB0,224,8001DBEB0,3132049.06,US Dollar,3132049.06,US Dollar,Reinvestment,0
9/1/2022 0:11,11,8001DCE70,11,8001DCE70,2950.52,US Dollar,2950.52,US Dollar,Reinvestment,0
9/1/2022 0:23,3210,800190820,3210,800190820,123.14,US Dollar,123.14,US Dollar,Reinvestment,0
9/1/2022 0:12,224,800190C30,224,800190C30,635.89,US Dollar,635.89,US Dollar,Reinvestment,0
9/1/2022 0:12,3249,800191120,3249,800191120,22533.61,US Dollar,22533.61,US Dollar,Reinvestment,0
9/1/2022 0:25,20,8001920C0,20,8001920C0,23729.57,US Dollar,23729.57,US Dollar,Reinvestment,0
9/1/2022 0:00,224,8001925C0,224,8001925C0,2079.58,US Dollar,2079.58,US Dollar,Reinvestment,0
9/1/2022 0:17,3312,8.00E+45,3312,8.00E+45,4936.29,US Dollar,4936.29,US Dollar,Reinvestment,0
9/1/2022 0:21,3258,800193360,3258,800193360,2092.89,US Dollar,2092.89,US Dollar,Reinvestment,0
9/1/2022 0:14,12,800193C50,12,800193C50,2739.44,US Dollar,2739.44,US Dollar,Reinvestment,0
9/1/2022 0:18,3278,8001DB520,3278,8001DB520,3675.03,US Dollar,3675.03,US Dollar,Reinvestment,0
9/1/2022 0:14,1231,8001DE8A0,1231,8001DE8A0,2070.91,US Dollar,2070.91,US Dollar,Reinvestment,0
9/1/2022 0:21,3209,8001DE8F0,3209,8001DE8F0,24998.17,US Dollar,24998.17,US Dollar,Reinvestment,0
9/1/2022 0:27,3230,8001DEBC0,3230,8001DEBC0,2089.87,US Dollar,2089.87,US Dollar,Reinvestment,0
9/1/2022 0:09,1231,8001553C0,1231,8001553C0,15.55,US Dollar,15.55,US Dollar,Reinvestment,0
9/1/2022 0:23,1,800190B90,1,800190B90,21.26,US Dollar,21.26,US Dollar,Reinvestment,0
9/1/2022 0:21,224,800190C30,224,800190C30,23.95,US Dollar,23.95,US Dollar,Reinvestment,0
9/1/2022 0:02,11,800192110,11,800192110,13.47,US Dollar,13.47,US Dollar,Reinvestment,0
9/1/2022 0:14,1217,8001DE9E0,22481,806173480,38.08,US Dollar,38.08,US Dollar,Credit Card,0
9/1/2022 0:25,1231,8001DEA80,115943,8184E5120,70.05,US Dollar,70.05,US Dollar,Credit Card,0
9/1/2022 0:21,3288,8001DFCA0,3288,8001DFCA0,3552.99,US Dollar,3552.99,US Dollar,Reinvestment,0
9/1/2022 0:19,20,8001DFCF0,20,8001DFCF0,67342.32,US Dollar,67342.32,US Dollar,Reinvestment,0
9/1/2022 0:18,1291,80016CF80,20,8001270F0,876.55,US Dollar,876.55,US Dollar,Cheque,0
9/1/2022 0:04,1291,80016CF80,20,8001270F0,6796.78,US Dollar,6796.78,US Dollar,Cash,0
9/1/2022 0:14,20,8001270F0,20,8001270F0,10.03,US Dollar,10.03,US Dollar,Reinvestment,0
9/1/2022 0:10,1231,80018E380,1231,80018E380,25402.12,US Dollar,25402.12,US Dollar,Reinvestment,0
9/1/2022 0:24,20,8.00E+06,1231,80018E380,10002.94,US Dollar,10002.94,US Dollar,Cheque,0
9/1/2022 0:25,20,8.00E+06,1231,80018E380,2256.1,US Dollar,2256.1,US Dollar,Credit Card,0
9/1/2022 0:07,1217,8000FDCE0,1231,8001E2150,2140.28,US Dollar,2140.28,US Dollar,Cheque,0
9/1/2022 0:25,1217,8000FDCE0,1231,8001E2150,607.32,US Dollar,607.32,US Dollar,Cash,0
9/1/2022 0:17,20,8001E28A0,20,8001E28A0,562666.81,US Dollar,562666.81,US Dollar,Reinvestment,0
9/1/2022 0:10,20,8001E28A0,20,8001E28A0,18.36,US Dollar,18.36,US Dollar,Reinvestment,0
9/1/2022 0:27,20,80010B1F0,20,80010B1F0,5791.2,US Dollar,5791.2,US Dollar,Reinvestment,0
9/1/2022 0:01,3232,8.00E+06,3232,8.00E+06,1095.86,US Dollar,1095.86,US Dollar,Reinvestment,0
9/1/2022 0:12,3307,80018D180,3307,80018D180,889.46,US Dollar,889.46,US Dollar,Reinvestment,0
9/1/2022 0:20,3256,80018D830,3256,80018D830,4686.13,US Dollar,4686.13,US Dollar,Reinvestment,0
9/1/2022 0:19,11,800188570,11,800188570,13.28,US Dollar,13.28,US Dollar,Reinvestment,0
9/1/2022 0:27,1217,8001E3C00,1217,8001E3C00,15099.87,US Dollar,15099.87,US Dollar,Reinvestment,0
9/1/2022 0:07,1217,80015DF80,1217,80015DF80,19.88,US Dollar,19.88,US Dollar,Reinvestment,0
9/1/2022 0:22,20,8001E51F0,20,8001E51F0,16.06,US Dollar,16.06,US Dollar,Reinvestment,0
9/1/2022 0:29,20,80005E480,1,8001E5580,8819.57,US Dollar,8819.57,US Dollar,Cheque,0
9/1/2022 0:28,20,80005E480,1,8001E5580,1785.75,US Dollar,1785.75,US Dollar,Credit Card,0
9/1/2022 0:14,70,10042B660,1,8001E5580,51905.58,US Dollar,51905.58,US Dollar,Cheque,0
9/1/2022 0:09,70,10042B660,1,8001E5580,5617.07,US Dollar,5617.07,US Dollar,Credit Card,0
9/1/2022 0:04,70,10042B660,1,8001E5580,195346.44,US Dollar,195346.44,US Dollar,Cash,0
9/1/2022 0:01,1,8001E5580,1,8001E5580,20.07,US Dollar,20.07,US Dollar,Reinvestment,0
9/1/2022 0:03,1217,800148410,1217,800148410,243615.95,US Dollar,243615.95,US Dollar,Reinvestment,0
9/1/2022 0:08,12,8.00E+06,224,800148870,157653.68,US Dollar,157653.68,US Dollar,Cheque,0
9/1/2022 0:15,11,800149160,11,800149160,429220.16,US Dollar,429220.16,US Dollar,Reinvestment,0
9/1/2022 0:19,20,800115330,11,800149160,10869.41,US Dollar,10869.41,US Dollar,Cheque,0
9/1/2022 0:23,20,800115330,11,800149160,7893.7,US Dollar,7893.7,US Dollar,ACH,0
9/1/2022 0:16,20,800115330,11,800149160,590.71,US Dollar,590.71,US Dollar,Wire,0
9/1/2022 0:00,11,8001E7F80,11,8001E7F80,82379.67,US Dollar,82379.67,US Dollar,Reinvestment,0
9/1/2022 0:00,20,8001E8940,20,8001E8940,2337.12,US Dollar,2337.12,US Dollar,Reinvestment,0
9/1/2022 0:05,11,8001D7CE0,11,8001E86C0,8378.02,US Dollar,8378.02,US Dollar,Cheque,0
9/1/2022 0:16,11,8001D7CE0,11,8001E86C0,2614.22,US Dollar,2614.22,US Dollar,Credit Card,0
9/1/2022 0:14,20,8001E91D0,20,8001E91D0,80782.81,US Dollar,80782.81,US Dollar,Reinvestment,0
9/1/2022 0:21,349,800148F70,1291,8001E8FE0,60832056,US Dollar,60832056,US Dollar,ACH,0
9/1/2022 0:19,349,800148F70,349,800148F70,7.09,US Dollar,7.09,US Dollar,Reinvestment,0
9/1/2022 0:15,1291,8001E8FE0,37524,8154B9EB0,16.56,US Dollar,16.56,US Dollar,Credit Card,0
9/1/2022 0:16,349,8001EABB0,349,8001EABB0,61923.88,US Dollar,61923.88,US Dollar,Reinvestment,0
9/1/2022 0:05,1291,8001EA440,1291,8001EA440,875465.43,US Dollar,875465.43,US Dollar,Reinvestment,0
9/1/2022 0:17,1291,8001EA4E0,1291,8001EA4E0,5551.3,US Dollar,5551.3,US Dollar,Reinvestment,0
9/1/2022 0:00,20,8001719A0,1291,8001EA440,173016.09,US Dollar,173016.09,US Dollar,Cheque,0
9/1/2022 0:29,20,8001719A0,1291,8001EA440,22914.17,US Dollar,22914.17,US Dollar,Credit Card,0
9/1/2022 0:15,20,8001719A0,1291,8001EA440,35968.81,US Dollar,35968.81,US Dollar,Cash,0
9/1/2022 0:11,20,8001719A0,1291,8001EA440,28461.35,US Dollar,28461.35,US Dollar,ACH,0
9/1/2022 0:04,1291,8001EA4E0,1291,8001EA4E0,14.06,US Dollar,14.06,US Dollar,Reinvestment,0
9/1/2022 0:23,3230,8001EBC40,3230,8001EBC40,2393.61,US Dollar,2393.61,US Dollar,Reinvestment,0
9/1/2022 0:16,1291,8001EC290,1291,8001EC290,56986.96,US Dollar,56986.96,US Dollar,Reinvestment,0
9/1/2022 0:18,1291,8001EC290,1291,8001EC290,14.3,US Dollar,14.3,US Dollar,Reinvestment,0
9/1/2022 0:13,20,8001EDEE0,20,8001EDEE0,34402.58,US Dollar,34402.58,US Dollar,Reinvestment,0
9/1/2022 0:28,224,8001ED410,224,8001ED410,1372753.72,US Dollar,1372753.72,US Dollar,Reinvestment,0
9/1/2022 0:15,1217,8001EE0E0,1217,8001EE0E0,78559.09,US Dollar,78559.09,US Dollar,Reinvestment,0
9/1/2022 0:01,1231,8001EEEB0,1231,8001EEEB0,609996.08,US Dollar,609996.08,US Dollar,Reinvestment,0
9/1/2022 0:04,349,8001EF3B0,349,8001EF3B0,115954.16,US Dollar,115954.16,US Dollar,Reinvestment,0
9/1/2022 0:16,12,8001EECC0,12,8001EECC0,398496.56,US Dollar,398496.56,US Dollar,Reinvestment,0
9/1/2022 0:19,12,8001EF1C0,5621,80A4D1DD0,46.79,US Dollar,46.79,US Dollar,Credit Card,0
9/1/2022 0:27,349,8001F01E0,349,8001F01E0,82587.92,US Dollar,82587.92,US Dollar,Reinvestment,0
9/1/2022 0:09,20,8001F0760,20,8001F0760,202065.98,US Dollar,202065.98,US Dollar,Reinvestment,0
9/1/2022 0:10,349,8001EFF20,349,8001EFF20,839634.59,US Dollar,839634.59,US Dollar,Reinvestment,0
9/1/2022 0:07,349,8001EFF20,349,8001EFF20,24.23,US Dollar,24.23,US Dollar,Reinvestment,0
9/1/2022 0:04,20,8001F0570,1639,8005A8360,11.16,US Dollar,11.16,US Dollar,Credit Card,0
9/1/2022 0:29,1217,80015DF80,20,8001F1050,19400.78,US Dollar,19400.78,US Dollar,Cheque,0
9/1/2022 0:18,1217,80015DF80,20,8001F1050,7922.44,US Dollar,7922.44,US Dollar,Credit Card,0
9/1/2022 0:23,1217,80015DF80,20,8001F1050,59471.85,US Dollar,59471.85,US Dollar,ACH,0
9/1/2022 0:14,224,8001F1F40,224,8001F1F40,99479.83,US Dollar,99479.83,US Dollar,Reinvestment,0
9/1/2022 0:15,3348,8001F1CA0,3348,8001F1CA0,713.81,US Dollar,713.81,US Dollar,Reinvestment,0
9/1/2022 0:03,1,8001F22D0,1,8001F22D0,2509.59,US Dollar,2509.59,US Dollar,Reinvestment,0
9/1/2022 0:15,1,8001F22D0,1,8001F22D0,20.74,US Dollar,20.74,US Dollar,Reinvestment,0
9/1/2022 0:27,1291,8001F2990,1291,8001F2990,570215.53,US Dollar,570215.53,US Dollar,Reinvestment,0
9/1/2022 0:00,12,8001F29E0,12,8001F29E0,545.54,US Dollar,545.54,US Dollar,Reinvestment,0
9/1/2022 0:09,1291,8001CF1E0,1291,8001CF1E0,129916.01,US Dollar,129916.01,US Dollar,Reinvestment,0
9/1/2022 0:12,20,8001F3590,20,8001F3590,7.32,US Dollar,7.32,US Dollar,Reinvestment,0
9/1/2022 0:15,20,800168B70,20,8001F3F30,32246.93,US Dollar,32246.93,US Dollar,Cheque,0
9/1/2022 0:27,20,800168B70,20,8001F3F30,22946.13,US Dollar,22946.13,US Dollar,Credit Card,0
9/1/2022 0:08,20,800168B70,20,8001F3F30,11841.16,US Dollar,11841.16,US Dollar,ACH,0
9/1/2022 0:11,20,800168B70,20,8001F3F30,4286.89,US Dollar,4286.89,US Dollar,Wire,0
9/1/2022 0:29,1291,8001F5140,1291,8001F5140,41069.12,US Dollar,41069.12,US Dollar,Reinvestment,0
9/1/2022 0:18,1291,8001F5140,1291,8001F5140,6.08,US Dollar,6.08,US Dollar,Reinvestment,0
9/1/2022 0:07,224,80012D050,1231,8001F5860,933.51,US Dollar,933.51,US Dollar,Cheque,0
9/1/2022 0:06,224,80012D050,1231,8001F5860,218.67,US Dollar,218.67,US Dollar,Credit Card,0
9/1/2022 0:29,1231,8001F5860,1231,8001F5860,12.95,US Dollar,12.95,US Dollar,Reinvestment,0
9/1/2022 0:11,1231,8001F5F10,1231,8001F5F10,599525.25,US Dollar,599525.25,US Dollar,Reinvestment,0
9/1/2022 0:05,1217,8001F5DD0,1217,8001F5DD0,8.19,US Dollar,8.19,US Dollar,Reinvestment,0
9/1/2022 0:00,349,8001F6700,349,8001F6700,430396.15,US Dollar,430396.15,US Dollar,Reinvestment,0
9/1/2022 0:28,1,8001F7B70,1,8001F7B70,10.72,US Dollar,10.72,US Dollar,Reinvestment,0
9/1/2022 0:11,1291,8001F83B0,1291,8001F83B0,3205.79,US Dollar,3205.79,US Dollar,Reinvestment,0
9/1/2022 0:08,1291,8001F83B0,1291,8001F83B0,5.78,US Dollar,5.78,US Dollar,Reinvestment,0
9/1/2022 0:01,12,8001F6BD0,12,8001F6BD0,2711.02,US Dollar,2711.02,US Dollar,Reinvestment,0
9/1/2022 0:24,224,8001F8DE0,224,8001F8DE0,12237.53,US Dollar,12237.53,US Dollar,Reinvestment,0
9/1/2022 0:10,12,8001F6BD0,12,8001F6BD0,22.14,US Dollar,22.14,US Dollar,Reinvestment,0
9/1/2022 0:08,12,8001F2CF0,12,8001F2CF0,13985.38,US Dollar,13985.38,US Dollar,Reinvestment,0
9/1/2022 0:24,20,8001F46C0,20,8001F46C0,16237.92,US Dollar,16237.92,US Dollar,Reinvestment,0
9/1/2022 0:28,349,8001F47B0,349,8001F47B0,1414.61,US Dollar,1414.61,US Dollar,Reinvestment,0
9/1/2022 0:28,12,8001F4C90,12,8001F4C90,1237.32,US Dollar,1237.32,US Dollar,Reinvestment,0
9/1/2022 0:15,3245,8001F5400,3245,8001F5400,1671.11,US Dollar,1671.11,US Dollar,Reinvestment,0
9/1/2022 0:23,12,8.00E+06,1291,8001F1720,4109.98,US Dollar,4109.98,US Dollar,Cheque,0
9/1/2022 0:01,12,8.00E+06,1291,8001F1720,1711.52,US Dollar,1711.52,US Dollar,Credit Card,0
9/1/2022 0:01,20,8001F46C0,20,8001F46C0,5.22,US Dollar,5.22,US Dollar,Reinvestment,0
9/1/2022 0:20,1291,8001F5AD0,1291,8001F5AD0,14.04,US Dollar,14.04,US Dollar,Reinvestment,0
9/1/2022 0:27,224,8001F9AB0,224,8001F9AB0,14.23,US Dollar,14.23,US Dollar,Reinvestment,0
9/1/2022 0:00,11,8001FB7F0,11,8001FB7F0,4190245.99,US Dollar,4190245.99,US Dollar,Reinvestment,0
9/1/2022 0:04,11,8001FB7F0,11,8001FB7F0,4.82,US Dollar,4.82,US Dollar,Reinvestment,0
9/1/2022 0:05,20,8001FC2C0,20,8001FC2C0,4827.84,US Dollar,4827.84,US Dollar,Reinvestment,0
9/1/2022 0:15,20,8001FB2B0,20,8001FB2B0,681469.66,US Dollar,681469.66,US Dollar,Reinvestment,0
9/1/2022 0:01,3370,8001FB480,3370,8001FB480,294.32,US Dollar,294.32,US Dollar,Reinvestment,0
9/1/2022 0:11,3370,8001FC0D0,3370,8001FC0D0,1818.99,US Dollar,1818.99,US Dollar,Reinvestment,0
9/1/2022 0:22,20,8001FB090,20,8001FB090,8.87,US Dollar,8.87,US Dollar,Reinvestment,0
9/1/2022 0:02,3358,8001FE130,12,8001FDFF0,0.04,US Dollar,0.04,US Dollar,Cheque,0
9/1/2022 0:04,12,8001FDFF0,12,8001FDFF0,10.37,US Dollar,10.37,US Dollar,Reinvestment,0
9/1/2022 0:02,1231,8001FE9F0,1231,8001FE9F0,14148.36,US Dollar,14148.36,US Dollar,Reinvestment,0
9/1/2022 0:14,12,8001DB710,1231,8001FE9F0,51.68,US Dollar,51.68,US Dollar,Cheque,0
9/1/2022 0:13,12,8001DB710,1231,8001FE9F0,197.1,US Dollar,197.1,US Dollar,ACH,0
9/1/2022 0:29,12,8001DB710,1231,8001FE9F0,18.95,US Dollar,18.95,US Dollar,Wire,0
9/1/2022 0:04,20,8001FF5F0,20,8001FF5F0,4973.37,US Dollar,4973.37,US Dollar,Reinvestment,0
9/1/2022 0:19,224,8001FF640,224,8001FF640,453.98,US Dollar,453.98,US Dollar,Reinvestment,0
9/1/2022 0:28,1231,8001FFDF0,1231,8001FFDF0,13.7,US Dollar,13.7,US Dollar,Reinvestment,0
9/1/2022 0:07,1217,800200300,1217,800200300,22.92,US Dollar,22.92,US Dollar,Reinvestment,0
9/1/2022 0:22,1,800201570,1,800201570,8.89,US Dollar,8.89,US Dollar,Reinvestment,0
9/1/2022 0:07,224,80005ACF0,1217,800201980,752345.74,US Dollar,752345.74,US Dollar,Cheque,0
9/1/2022 0:27,224,80005ACF0,1217,800201980,5764.48,US Dollar,5764.48,US Dollar,Credit Card,0
9/1/2022 0:19,224,80005ACF0,1217,800201980,765335.4,US Dollar,765335.4,US Dollar,Cash,0
9/1/2022 0:21,1217,800201980,1217,800201980,16.77,US Dollar,16.77,US Dollar,Reinvestment,0
9/1/2022 0:04,12,800202580,12,800202580,6461.58,US Dollar,6461.58,US Dollar,Reinvestment,0
9/1/2022 0:28,12,800202580,12,800202580,4.22,US Dollar,4.22,US Dollar,Reinvestment,0
9/1/2022 0:16,20,8001E8940,1,800203320,2100.86,US Dollar,2100.86,US Dollar,Cheque,0
9/1/2022 0:26,20,8001E8940,1,800203320,3804.17,US Dollar,3804.17,US Dollar,Cash,0
9/1/2022 0:11,1,800203760,1,800203760,6.48,US Dollar,6.48,US Dollar,Reinvestment,0
9/1/2022 0:18,1217,8.00E+25,1217,8.00E+25,460319.74,US Dollar,460319.74,US Dollar,Reinvestment,0
9/1/2022 0:27,1217,8.00E+25,1217,8.00E+25,11.14,US Dollar,11.14,US Dollar,Reinvestment,0
9/1/2022 0:16,1291,800204A10,1291,800204A10,119608.09,US Dollar,119608.09,US Dollar,Reinvestment,0
9/1/2022 0:27,12,8001EF1C0,1291,800204A10,28564.54,US Dollar,28564.54,US Dollar,Credit Card,0
9/1/2022 0:15,1291,8002047D0,1291,8002047D0,268432.18,US Dollar,268432.18,US Dollar,Reinvestment,0
9/1/2022 0:07,1217,800204CD0,1217,800204CD0,115.08,US Dollar,115.08,US Dollar,Reinvestment,0
9/1/2022 0:19,224,800205290,224,800205290,15.83,US Dollar,15.83,US Dollar,Reinvestment,0
9/1/2022 0:01,1217,800205700,1217,800205700,792521.15,US Dollar,792521.15,US Dollar,Reinvestment,0
9/1/2022 0:10,11,800205F80,11,800205F80,907114.39,US Dollar,907114.39,US Dollar,Reinvestment,0
9/1/2022 0:22,11,8002069A0,11,8002069A0,62776.71,US Dollar,62776.71,US Dollar,Reinvestment,0
9/1/2022 0:25,1217,800207EF0,1217,800207EF0,33946.39,US Dollar,33946.39,US Dollar,Reinvestment,0
9/1/2022 0:12,1217,800207F40,1217,800207F40,9.75,US Dollar,9.75,US Dollar,Reinvestment,0
9/1/2022 0:20,1291,8002077B0,1291,8002077B0,651178.32,US Dollar,651178.32,US Dollar,Reinvestment,0
9/1/2022 0:28,1291,8002077B0,1291,8002077B0,16.97,US Dollar,16.97,US Dollar,Reinvestment,0
9/1/2022 0:29,224,800208C30,224,800208C30,1086624.58,US Dollar,1086624.58,US Dollar,Reinvestment,0
9/1/2022 0:25,224,800208C30,224,800208C30,9.34,US Dollar,9.34,US Dollar,Reinvestment,0
9/1/2022 0:25,1291,800209090,1291,800209090,34404.84,US Dollar,34404.84,US Dollar,Reinvestment,0
9/1/2022 0:11,20,80020A1E0,20,80020A1E0,1265931.92,US Dollar,1265931.92,US Dollar,Reinvestment,0
9/1/2022 0:21,12,80020A630,12,80020A630,1496217.22,US Dollar,1496217.22,US Dollar,Reinvestment,0
9/1/2022 0:28,1231,80020A680,1231,80020A680,77051.01,US Dollar,77051.01,US Dollar,Reinvestment,0
9/1/2022 0:20,11,8.00E+75,11,8.00E+75,587625.42,US Dollar,587625.42,US Dollar,Reinvestment,0
9/1/2022 0:21,224,8002087D0,224,8002087D0,2418.75,US Dollar,2418.75,US Dollar,Reinvestment,0
9/1/2022 0:12,12,8002089F0,12,8002089F0,4056.83,US Dollar,4056.83,US Dollar,Reinvestment,0
9/1/2022 0:04,20,800209BF0,20,800209BF0,10.08,US Dollar,10.08,US Dollar,Reinvestment,0
9/1/2022 0:09,1394,800209FA0,1394,800209FA0,5.96,US Dollar,5.96,US Dollar,Reinvestment,0
9/1/2022 0:29,1291,80020B510,1291,80020B510,102325.85,US Dollar,102325.85,US Dollar,Reinvestment,0
9/1/2022 0:01,11,80020BC30,11,80020BC30,13.06,US Dollar,13.06,US Dollar,Reinvestment,0
9/1/2022 0:17,20,80020C830,20,80020C830,10.48,US Dollar,10.48,US Dollar,Reinvestment,0
9/1/2022 0:27,349,8001EFED0,349,8001EFED0,180060.48,US Dollar,180060.48,US Dollar,Reinvestment,0
9/1/2022 0:28,1,80020D400,1,80020D400,3301.93,US Dollar,3301.93,US Dollar,Reinvestment,0
9/1/2022 0:27,1231,8001FDD50,1231,8001FDD50,194.55,US Dollar,194.55,US Dollar,Reinvestment,0
9/1/2022 0:14,1217,8001FEC40,1217,8001FEC40,3959.05,US Dollar,3959.05,US Dollar,Reinvestment,0
9/1/2022 0:05,20,800200C80,1231,8001FED30,1352387,US Dollar,1352387,US Dollar,Cheque,0
9/1/2022 0:23,12,8001FEE20,12,8001FEE20,15500.24,US Dollar,15500.24,US Dollar,Reinvestment,0
